id,name,aka
1,Trump,6064
2,Mueller,1381
3,Cohen,1347
4,WALLACE,1129
5,Barr,814
6,Biden,647
7,Manafort,539
8,Obama,464
9,McCain,450
10,"Donald Trump",412
11,Sanders,379
13,Putin,358
14,Warren,344
15,Pompeo,333
16,Harris,332
17,Comey,296
18,Cuomo,270
19,Graham,244
20,McConnell,229
21,Bush,218
22,Whitaker,217
23,"Hillary Clinton",198
24,Kim,189
25,Williams,187
26,Nixon,170
27,Ryan,166
28,Bolton,164
29,Giuliani,159
30,McGahn,157
31,O'Rourke,152
33,Pelosi,133
34,SMITH,133
39,Kavanaugh,111
41,Flynn,111
44,Rosenstein,106
45,Sessions,102
46,Kilimnik,102
51,BRUCE,85
52,PERINO,84
53,Roberts,84
54,Booker,80
57,WATTERS,75
58,Mulvaney,75
59,CONWAY,73
60,"Bill Clinton",73
61,Buttigieg,72
64,Behar,70
65,McDougal,68
66,"George W. Bush",64
69,"Roger Stone",62
70,Gates,61
77,Netanyahu,51
78,Assange,51
79,Starr,51
80,"CHUCK SCHUMER",50
81,"Kamala Harris",50
82,"Jared Kushner",50
84,Reagan,49
86,Mattis,47
105,Musk,39
106,"Bob Mueller",38
123,"Bill Barr",31
140,"Adam Schiff",27
141,"John Kelly",26
152,"Ted Cruz",25
156,Erdogan,25
163,"Sarah Sanders",23
173,"John Kasich",22
186,Pence,21
201,"Richard Nixon",19
204,"Mitt Romney",19
213,"Alexandria Ocasio-Cortez",18
214,"Kirsten Gillibrand",18
216,"Juan Williams",18
230,"George Papadopoulos",17
231,"Rick Gates",17
232,"Andrew Cuomo",17
233,Cuellar,17
234,McAuliffe,17
235,"Michael Avenatti",16
236,THIESSEN,16
237,"Joseph R. Biden Jr.",16
238,"Chris Coons",16
239,Hurd,16
240,"Jim Jordan",16
241,Dana,16
242,Weisselberg,16
243,"Michael Barbaro",16
244,Sims,16
245,"R. Kelly",16
246,Walters,16
247,Spearman,16
248,Taupin,16
249,Kevin,15
250,HOLMES,15
251,"Konstantin Kilimnik",15
252,"Vladimir V. Putin",15
253,Bill,15
254,Adam,15
255,"Ken Starr",15
256,"Mario Cuomo",15
257,Kamala,15
258,Gabbard,15
259,Inslee,15
260,Moulton,15
261,Schultz,15
262,O'Donnell,15
263,HIMES,15
264,WRIGHT,14
265,Yates,14
266,Moore,14
267,CLYBURN,14
268,"Don McGahn",14
269,LEWANDOWSKI,14
270,Papadopoulos,14
271,"Stephanie Clifford",14
272,KUDLOW,14
273,Walter,14
274,"Vince Foster",14
275,"Michael T. Flynn",14
276,Snodgrass,14
277,Gaetz,14
278,Offit,14
279,MURDOCH,14
280,"Paul Ryan",13
281,"Rex Tillerson",13
282,"Harry Reid",13
283,Cummings,13
284,Scalia,13
285,Obamacare,13
286,Peter,13
287,Hicks,13
288,"Ivanka Trump",13
289,Riley,13
290,"Cynthia Nixon",13
291,Paul,13
292,Leahy,13
293,"Jay Sekulow",13
294,Sanford,13
295,STUCKEY,12
296,Joe,12
297,"Andrew McCabe",12
298,Cruz,12
299,"Amy Klobuchar",12
300,Brennan,12
301,Kennedy,12
302,"Corey Lewandowski",12
303,Gillian,12
304,Schiff,12
305,Barnett,12
306,Andrew,12
307,Bezos,12
308,Bennet,12
309,Ocasio-Cortez,11
310,SCALISE,11
311,REINES,11
312,Jonah,11
313,Slotkin,11
314,"Anita Hill",11
315,McMaster,11
316,Lynch,11
317,Steele,11
318,Meghan,11
319,Ayotte,11
320,Baker,11
321,Podesta,11
322,WikiLeaks,11
323,Shaffer,11
324,Donald,11
325,Lewinsky,11
326,Flake,11
327,Klobuchar,11
328,Omar,11
329,Messam,11
330,Ortega,11
331,Fallows,11
332,"Peter Max",11
333,"Meghan McCain",10
334,"Rashida Tlaib",10
335,"Jason Chaffetz",10
336,"Susan Collins",10
337,"Kevin Corke",10
338,"Marie Harf",10
339,Mo,10
340,"Melania Trump",10
341,Josh,10
342,Meg,10
343,"Matthew G. Whitaker",10
344,Cooper,10
345,"Lanny J. Davis",10
346,Kyl,10
347,"Gillian Turner",10
348,"VAN HOLLEN",10
349,"Jamal Khashoggi",10
350,"Allen Weisselberg",10
351,Khan,10
352,Delaney,10
353,Yang,10
354,Landrieu,10
355,Jared,10
356,Henry,10
357,Coutinho,10
358,Reg,10
359,Stanley,10
360,Moskowitz,10
361,"James Mattis",9
362,"Claire McCaskill",9
363,Weissmann,9
364,"Steve Scalise",9
365,"MARK MEADOWS",9
366,"Sherrod Brown",9
367,"Jonah Goldberg",9
368,"Jerry Nadler",9
369,"Elijah Cummings",9
370,Wintrich,9
371,Gorsuch,9
372,"Josh Holmes",9
373,Clapper,9
374,"Julian Castro",9
375,"Martin Luther King Jr.",9
376,"Jimmy Carter",9
377,"Donald F. McGahn II",9
378,"Marco Rubio",9
379,"Jon Tester",9
380,DOOCY,9
381,"Nick Ayers",9
382,Scott,9
383,Bannon,9
384,"Michelle Obama",9
385,"Carter Page",9
386,Ivanka,9
387,Matt,9
388,Nancy,9
389,Ellis,9
390,Mario,9
391,"Amy Berman Jackson",9
392,Julie,9
393,STOLTENBERG,9
394,"Mohammed bin Salman",9
395,"Maggie Haberman",9
396,Hillel,9
397,"Otto Warmbier",9
398,"Donald Jr.",9
399,Amash,9
400,"Tucker Carlson",8
401,Robin,8
402,"Louis Farrakhan",8
403,"Jeff Bezos",8
404,Marc,8
405,"Mo Elleithee",8
406,Frank,8
407,Angelo,8
408,Tillis,8
409,"Jane Harman",8
410,"Dianne Feinstein",8
411,Lincoln,8
412,"Eric Swalwell",8
413,"Lanny Davis",8
414,Mansfield,8
415,"George Stephanopoulos",8
416,"John Kerry",8
417,Baldwin,8
418,"Robert Francis O'Rourke",8
419,"ANDREW GILLUM",8
420,"Bill de Blasio",8
421,"Konstantin V. Kilimnik",8
422,DeSantis,8
423,Cobb,8
424,Ho,8
425,"Sandy Hook",8
426,"Andrew Weissmann",8
427,"Trump Jr.",8
428,Mick,8
429,"RALPH NORTHAM",8
430,Carter,8
431,"Doug Collins",8
432,"John Hickenlooper",8
433,Nunes,8
434,"Ilhan Omar",8
435,Moon,8
436,Rumsfeld,8
437,"Estey McLoughlin",8
438,Alexander-Arnold,8
439,"Prince Charles",8
440,"Bob Dole",7
441,"Mike Emanuel",7
442,Dan,7
443,Nielsen,7
444,"Mark Zuckerberg",7
445,CARLSON,7
446,ANDRES,7
447,"John Roberts",7
448,"Cory Gardner",7
449,Romney,7
450,"Clarence Thomas",7
451,"John R. Bolton",7
452,"Mark Warner",7
453,"Kevin McCarthy",7
454,"Xi Jinping",7
455,Lavrov,7
456,Black,7
457,"John Podesta",7
458,"Donna Edwards",7
459,Meadows,7
460,"Leonard Leo",7
461,"Neil Gorsuch",7
462,Rosenberg,7
463,Drew,7
464,GONZALES,7
465,Corey,7
466,Merkel,7
467,"Oprah Winfrey",7
468,Haley,7
469,"Stacey Abrams",7
470,Chelsea,7
471,Susan,7
472,"Monica Lewinsky",7
473,Burck,7
474,Freidman,7
475,Wexler,7
476,Sekulow,7
477,Hochul,7
478,Tymoshenko,7
479,Stivers,7
480,"Matt Whitaker",7
481,Jason,7
482,"Juan Guaido",7
483,Hoeven,7
484,Guaido,7
485,LOWRY,7
486,"Nicolas Maduro",7
487,"Tom Perez",7
488,RICKMAN,7
489,Christie,7
490,Kat,7
491,Luntz,7
492,Kinnock,7
493,"CHRIS CHRISTIE",6
494,"Dick Durbin",6
495,"Bob Woodward",6
496,"SANDRA SMITH",6
497,Russo,6
498,"Jeff Flake",6
499,"Roy Blunt",6
500,"Benjamin Netanyahu",6
501,Jill,6
502,Ginsburg,6
503,"Karl Rove",6
504,Roe,6
505,"Ron Johnson",6
506,"Matthew Whitaker",6
507,"Newt Gingrich",6
508,King,6
509,Feingold,6
510,McDonough,6
511,"George Will",6
512,Keating,6
513,"Sean Hannity",6
514,"Joe Manchin",6
515,Cotton,6
516,Jim,6
517,"Hope Hicks",6
518,Porter,6
519,"Osama bin Laden",6
520,"Jerome Corsi",6
521,"Larry Kudlow",6
522,Charles,6
523,Gorbachev,6
524,"Brett M. Kavanaugh",6
525,"Richard M. Nixon",6
526,"Andrew M. Cuomo",6
527,Flood,6
528,Yoder,6
529,Hill,6
530,"Sergey Kislyak",6
531,Nussbaum,6
532,"Stephen Colbert",6
533,"Felix Sater",6
534,"Julie Pace",6
535,"Justin Fairfax",6
536,Liz,6
537,Tara,6
538,WESTOVER,6
539,"Tulsi Gabbard",6
540,"Dan Pfeiffer",6
541,Pete,6
542,"Jesse Jackson",6
543,"michael schmidt",6
544,Gantz,6
545,Young,6
546,"Moon Jae-in",6
547,Biegun,6
548,Haspel,6
549,"Lucy Flores",6
550,Stockman,6
551,Comstock,6
552,Berman,6
553,Shyamala,6
554,Gillett,6
555,Wasserman-Schultz,6
556,Baldry,6
557,Steven,6
558,Crawford,6
559,WHITON,5
560,EDSON,5
561,Rich,5
562,Charlie,5
563,"Michael R. Bloomberg",5
564,Beau,5
565,"David Cicilline",5
566,"Saddam Hussein",5
567,O'Neill,5
568,Bolten,5
569,Hoyer,5
570,Emanuel,5
571,"Guy Benson",5
572,Hattaway,5
573,"Jeb Bush",5
574,Chalgren,5
575,"JEANINE PIRRO",5
576,"Ruth Bader Ginsburg",5
577,Feinstein,5
578,"Charles E. Grassley",5
579,"Thom Tillis",5
580,Pirro,5
581,"Will Hurd",5
582,"Anthony Kennedy",5
583,"Antonin Scalia",5
584,"Sarah Palin",5
585,"David Pecker",5
586,"Kelly Ayotte",5
587,"Alberto Gonzales",5
588,"Ted Kennedy",5
589,Ward,5
590,"Angela Merkel",5
591,Macron,5
592,"Larry Fitzgerald",5
593,Rubio,5
594,"RON DESANTIS",5
595,Ayers,5
596,"Manigault Newman",5
597,Scaramucci,5
598,"bin Laden",5
599,Melania,5
600,"Christopher Steele",5
601,"Jake Gibson",5
602,"Angus King",5
603,"JOHN KENNEDY",5
604,Larry,5
605,Chuck,5
606,"Mark Harris",5
607,Credico,5
608,"Steve Bullock",5
609,Schneider,5
610,Jake,5
611,Wellman,5
612,"John Edwards",5
613,"Oleg V. Deripaska",5
614,"Viktor F. Yanukovych",5
615,"Devin Nunes",5
616,Rooney,5
617,Akhmetov,5
618,Page,5
619,"John F. Kelly",5
620,"John Dean",5
621,Davidson,5
622,Nourse,5
623,Caputo,5
624,Arguedas,5
625,Clovis,5
626,Clayton,5
627,"Kerri Kupec",5
628,"Dan Coats",5
629,"Webster Hubbell",5
630,"Bernie Nussbaum",5
631,McElwee,5
632,Kleindienst,5
633,TURNER,5
634,"Liz Marlantes",5
635,"Gina Haspel",5
636,Hallinan,5
637,Rocah,5
638,Veselnitskaya,5
639,Kislyak,5
640,"William Weld",5
641,"Harry Enten",5
642,"DeWitt Clinton",5
643,Joaquin,5
644,Julian,5
645,"Bashar al-Assad",5
646,Williamson,5
647,"Bill Bradley",5
648,"Dean Baquet",5
649,Steyer,5
650,"Bill Brasky",5
651,"Bill Burton",5
652,"Lisa Tobin",5
653,Maggie,5
654,"Ben Rhodes",5
655,Rhodes,5
656,DOMENECH,5
657,"Roy Cohn",5
658,Robert,5
659,"Wayne Messam",5
660,Sisi,5
661,Gulen,5
662,"Jim Himes",5
663,"Cliff Sims",5
664,Jain,5
665,"Sadiq Khan",5
666,Libra,5
667,Nikas,5
668,Bork,5
669,"Christine Blasey Ford",4
670,"Chuck Grassley",4
671,"Brett McGurk",4
672,KOTKIN,4
673,"John Brennan",4
674,"JOSE ANDRES",4
675,"Jeff Merkley",4
676,"Gary Cohn",4
677,Sarah,4
678,"Terry McAuliffe",4
679,Bernanke,4
680,"H. R. McMaster",4
681,Breitbart,4
682,"David Letterman",4
683,Newcomb,4
684,"David Duke",4
685,Michelle,4
686,Egan,4
687,"John Dowd",4
688,"George H. W. Bush",4
689,"Tim Kaine",4
690,Bob,4
691,"Peter Baker",4
692,"Richard Blumenthal",4
693,Liam,4
694,"John F. Kennedy",4
695,"Shinzo Abe",4
696,"Dick Cheney",4
697,"Al Gore",4
698,Trish,4
699,"Tim Ryan",4
700,"Lyndon Johnson",4
701,"Franklin D. Roosevelt",4
702,Mitchell,4
703,Sykes,4
704,"Stephen K. Bannon",4
705,Popp,4
706,Gamboa,4
707,McKinnon,4
708,Buchanan,4
709,Palin,4
710,LOTTER,4
711,Tsai,4
712,"Jesse Watters",4
713,"Greg Gutfeld",4
714,"ALEC BALDWIN",4
715,"Chris Van Hollen",4
716,"Rick Scott",4
717,Oprah,4
718,"Steve Bannon",4
719,Don,4
720,Homan,4
721,Shulkin,4
722,"Sean Spicer",4
723,"PETER NAVARRO",4
724,"CHARLES LANE",4
725,"Tom Hudner",4
726,"Piers Morgan",4
727,"Jean Lee",4
728,Pullman,4
729,David,4
730,"Chris Cuomo",4
731,"Sam Nunberg",4
732,"Janet Reno",4
733,Brett,4
734,Rubenstein,4
735,Calk,4
736,"Ty Cobb",4
737,"Donald F. McGahn",4
738,Leonard,4
739,Patel,4
740,Howard,4
741,"Tamika Mallory",4
742,Jumaane,4
743,"Alex Jones",4
744,"Ron Paul",4
745,Kelso,4
746,Earley,4
747,"Kevin Downing",4
748,"Sheldon Adelson",4
749,Carlyle,4
750,Garrett,4
751,McCoy,4
752,Jaworski,4
753,"Dmitry Peskov",4
754,Peskov,4
755,"Jim McDougal",4
756,Ruddy,4
757,"Rupert Murdoch",4
758,"Walter Mondale",4
759,"ELIOT ENGEL",4
760,"John Hoeven",4
761,TENNEY,4
762,Weissman,4
763,Adelson,4
764,Downing,4
765,"Richard Shelby",4
766,"John Dingell",4
767,"Strom Thurmond",4
768,Costello,4
769,"Oleg Deripaska",4
770,Mero,4
771,"Mike Lee",4
772,Burr,4
773,Arab,4
774,"David Axelrod",4
775,"Theo Balcomb",4
776,"Mike Schmidt",4
777,"Richard Spencer",4
778,Ben-Youssef,4
779,"Debbie Dingell",4
780,"Justin Amash",4
781,"Don Junior",4
782,"Eric Trump",4
783,Hunter,4
784,Nick,4
785,"George Conway",4
786,"Wolf Blitzer",4
787,"Donny Deutsch",4
788,"Barbara Walters",4
789,"Elisabeth Hasselbeck",4
790,Teta,4
791,"Rodney Scott",4
792,"Robert Kennedy",4
793,"Paige Cowett",4
794,Dortmund,4
795,"John Henry",4
796,"Lionel Messi",4
797,"Mohamed Salah",4
798,Origi,4
799,Naby,4
800,"Heather Heyer",4
801,Norman,4
802,"Dick James",4
803,Abe,4
804,"Boris Johnson",4
805,"Jeremy Corbyn",4
806,"Nigel Farage",4
807,Brexit,4
808,Scaglione,4
809,"Adam Max",4
810,"Park West",4
811,Mann,4
812,Stennis,4
813,Tucker,3
814,"Jerome Powell",3
815,Allie,3
816,Mallory,3
817,"Joel Kotkin",3
818,"Mohamed El-Erian",3
819,Singh,3
820,El-Erian,3
821,"Marc Thiessen",3
822,"Philippe Reines",3
823,Marlon,3
824,Baffert,3
825,Weiss,3
826,"Bill Russo",3
827,"Anthony Scaramucci",3
828,Madison,3
829,"Elissa Slotkin",3
830,Tlaib,3
831,Mark,3
832,"Mitch Landrieu",3
833,Bachus,3
834,Gregg,3
835,"Jim Clyburn",3
836,"Sally Yates",3
837,"Trey Gowdy",3
838,Ivana,3
839,Hannity,3
840,"Ben Holden",3
841,"Lucian Wintrich",3
842,Yiannopoulos,3
843,"Rob Smith",3
844,Longwell,3
845,Shapiro,3
846,Chairman,3
847,"WOODROW WILSON",3
848,"Elaine Chao",3
849,Jane,3
850,"Lisa Page",3
851,Mary,3
852,"George Washington",3
853,Wade,3
854,"Manuel Noriega",3
855,"Preet Bharara",3
856,Gray,3
857,"Caspar Weinberger",3
858,Warner,3
859,"Martha MacCallum",3
860,"Alex Pappas",3
861,"Patrick Leahy",3
862,"Sergey Lavrov",3
863,"Rex W. Tillerson",3
864,"James R. Clapper Jr.",3
865,"Abraham Lincoln",3
866,"Gerald Ford",3
867,"Paul Rosenzweig",3
868,Mason,3
869,"Jim Crow",3
870,Michal,3
871,Barrett,3
872,"Gina Ortiz Jones",3
873,Jeb,3
874,"James Clyburn",3
875,"Jamie Raskin",3
876,"Mike Mansfield",3
877,"Russ Feingold",3
878,"Merrick Garland",3
879,"Marc Short",3
880,"Rand Paul",3
881,Browning,3
882,"Erik Prince",3
883,"Elijah E. Cummings",3
884,Shusterman,3
885,Cindy,3
886,"Brooke Buchanan",3
887,"Robert Khuzami",3
888,"Jon Kyl",3
889,"Alicia Acuna",3
890,ACUNA,3
891,"Cindy McCain",3
892,"Doug Ducey",3
893,Kerry,3
894,"Marc Lotter",3
895,"Maxine Waters",3
896,Coung,3
897,Jack,3
898,"DANA PERINO",3
899,"Joe Donnelly",3
900,"Heidi Heitkamp",3
901,Donnelly,3
902,"John Lewis",3
903,HUME,3
904,"Kim Yong-chol",3
905,"Scott Pruitt",3
906,"Nikki Haley",3
907,Pruitt,3
908,"Rob Porter",3
909,Raffel,3
910,Sorensen,3
911,"Omarosa Manigault Newman",3
912,Gorka,3
913,"Reince Priebus",3
914,Acosta,3
915,Brian,3
916,"James Clapper",3
917,"Queen Elizabeth II",3
918,Judy,3
919,"Tony Podesta",3
920,"Dinesh D'Souza",3
921,"Dylan Howard",3
922,Guy,3
923,LANE,3
924,"Jesse Brown",3
925,Daisy,3
926,Venediktov,3
927,Huntsman,3
928,Benjamin,3
929,"Armie Hammer",3
930,"Paul Schneider",3
931,Hammer,3
932,"David J. Pecker",3
933,"Lis Smith",3
934,"Randi Weingarten",3
935,Weingarten,3
936,Rick,3
937,"John M. Dowd",3
938,"Emmet T. Flood",3
939,"Adam B. Schiff",3
940,"Brian Fallon",3
941,Morton,3
942,Burger,3
943,Kohl,3
944,Stras,3
945,"Fred Trump",3
946,"Michael Caputo",3
947,"Barbara Boxer",3
948,Pistole,3
949,"Robert De Niro",3
950,"Steve Cohen",3
951,"Michael Wolff",3
952,"Kelly Jones",3
953,Pozner,3
954,Allen,3
955,Mouratoglou,3
956,Kasowitz,3
957,"Robert Moses",3
958,Moses,3
959,"Sam Clovis",3
960,Jeff,3
961,"Stephen Miller",3
962,"Paul D. Ryan",3
963,Frelinghuysen,3
964,Lujan,3
965,Coffman,3
966,"Barbara Comstock",3
967,"Gennifer Flowers",3
968,"Michael Jackson",3
969,"Peter Boyer",3
970,"Jim Carrey",3
971,Cornelius,3
972,"Jane Sherburne",3
973,Fiske,3
974,Kissinger,3
975,"Maria Urbina",3
976,"Sean McElwee",3
977,"Jens Stoltenberg",3
978,"Henry Cuellar",3
979,"Garrett Tenney",3
980,"Howard Schultz",3
981,"John Anzalone",3
982,ANTON,3
983,"TARA WESTOVER",3
984,Loebsack,3
985,Adachi,3
986,"Lateefah Simon",3
987,"Marcy Wheeler",3
988,"Ryan Chilcote",3
989,"Katie Pavlich",3
990,Broidy,3
991,"Stephen E. Biegun",3
992,"James Zogby",3
993,Boycott,3
994,Duss,3
995,"Hakeem Jeffries",3
996,Spencer,3
997,Klein,3
998,McCollum,3
999,Ferguson,3
1000,"Ben Domenech",3
1001,Ben,3
1002,Eric,3
1003,Jacob,3
1004,Ri,3
1005,Kupec,3
1006,"John Delaney",3
1007,"Jay Inslee",3
1008,Goyle,3
1009,Esther,3
1010,"Queen Esther",3
1011,Mordecai,3
1012,Lucy,3
1013,George,3
1014,"Matt Gaetz",3
1015,"Snoop Dogg",3
1016,"SUSAN RICKMAN",3
1017,Hasen,3
1018,"Mick Jagger",3
1019,Shavit,3
1020,Kolesnikov,3
1021,"Nicholas Sarwark",3
1022,"Christian Grey",3
1023,"Bill Maher",3
1024,"Rosie O'Donnell",3
1025,"Nicolle Wallace",3
1026,Rutherford,3
1027,"Kristin Fisher",3
1028,Kristin,3
1029,FISHER,3
1030,"Jim Comey",3
1031,Klymenko,3
1032,Lyovochkin,3
1033,Larsen,3
1034,Shakir,3
1035,Khanna,3
1036,"Jonathan C. Moore",3
1037,"Timothy L. O'Brien",3
1038,Patton,3
1039,McFaul,3
1040,"AISHAH HASNIE",3
1041,"Elizabeth II",3
1042,Camilla,3
1043,May,3
1044,Bercow,3
1045,Corbyn,3
1046,"Shun Lee",3
1047,Belcher,3
1048,Eastland,3
1049,Roosevelt,3
1050,Zingales,3
1051,Stewart,3
1052,Simmons,3
1053,"Julie Swetnick",2
1054,"Barbara Bush",2
1055,Dole,2
1056,"TAMMY BRUCE",2
1057,"Dan Bongino",2
1058,"Robin Biro",2
1059,"Jonathan Hunt",2
1060,Jonathan,2
1061,"Kris Kobach",2
1062,Kris,2
1063,"Patrick Shanahan",2
1064,"Heather Zumarraga",2
1065,Heather,2
1066,"Fed Chair J Powell",2
1067,"Steven Mnuchin",2
1068,"Linda Sarsour",2
1069,"Allie Beth Stuckey",2
1070,Joel,2
1071,"Teddy Roosevelt",2
1072,"Alexandria Ocasio - Cortez",2
1073,"Bryan Dean Wright",2
1074,Grinch,2
1075,Flores,2
1076,"JIM MCGOVERN",2
1077,"Anne Gearan",2
1078,Philippe,2
1079,Anne,2
1080,GEARAN,2
1081,"Steny Hoyer",2
1082,"Robert Ford",2
1083,"KAREN PENCE",2
1084,Charlotte,2
1085,"K. PENCE",2
1086,"BOB BAFFERT",2
1087,"Scott Brown",2
1088,"Valerie Biden Owens",2
1089,"Mike Donilon",2
1090,"Steve Ricchetti",2
1091,"Jill Biden",2
1092,Ricchetti,2
1093,"Greg Schultz",2
1094,"Ted Kaufman",2
1095,Kaufman,2
1096,"Mark Gitenstein",2
1097,"James Madison",2
1098,"George Mason",2
1099,"Brandon Judd",2
1100,JFK,2
1101,"Tom Steyer",2
1102,"Mark Green",2
1103,"James Smith",2
1104,"Barney Frank",2
1105,"John Boehner",2
1106,"Josh Bolten",2
1107,Nowakowski,2
1108,"Rahm Emanuel",2
1109,"Jeb Hensarling",2
1110,Cantor,2
1111,"Mira Ricardel",2
1112,"Loretta Lynch",2
1113,"William H. Pauley III",2
1114,Pauley,2
1115,"Sarah Longwell",2
1116,"Jimmy LaSalvia",2
1117,Sullivan,2
1118,"Patrick J. Egan",2
1119,"Pat Buchanan",2
1120,Goldstein,2
1121,Straka,2
1122,Lynzee,2
1123,Ann,2
1124,Durbin,2
1125,Christine,2
1126,"William Pelham Barr",2
1127,"Horace Mann",2
1128,"Doug Schoen",2
1129,Hodgkin,2
1130,Schoen,2
1131,"C. Boyden Gray",2
1132,"Harry S. Truman",2
1133,"Jake Tapper",2
1134,Kaine,2
1135,"Mazie Hirono",2
1136,"Harry Truman",2
1137,"Andrew Johnson",2
1138,Gore,2
1139,"Emma-Jayne Magson",2
1140,"James Knight",2
1141,Kev,2
1142,"John Q. Barrett",2
1143,"Alex Whiting",2
1144,"Willie Nelson",2
1145,"Mark McKinnon",2
1146,"Ann Coulter",2
1147,"Joaquin Castro",2
1148,"Kim Jong - un",2
1149,"Guy Petrillo",2
1150,"Adolf Hitler",2
1151,"John Sherman Cooper",2
1152,"Phil Gramm",2
1153,Chao,2
1154,"Diane Sykes",2
1155,"Tom Cotton",2
1156,Hitler,2
1157,"David Popp",2
1158,"Donald Trump Jr",2
1159,"Charles Keating",2
1160,Khuzami,2
1161,Alicia,2
1162,Ducey,2
1163,"Roberta McCain",2
1164,"BEN SASSE",2
1165,Cornyn,2
1166,"Al Capone",2
1167,Petraeus,2
1168,"Emmanuel Macron",2
1169,Fitzgerald,2
1170,Espinoza,2
1171,"Grant Woods",2
1172,Woods,2
1173,Bridget,2
1174,Fellars,2
1175,Doug,2
1176,Sidney,2
1177,Axios,2
1178,"Bill Hemmer",2
1179,Claire,2
1180,McGarrett,2
1181,Mommy,2
1182,Lewis,2
1183,"Kat Timpf",2
1184,Bret,2
1185,"JOSH HAWLEY",2
1186,"PETER DOOCY",2
1187,"Brit Hume",2
1188,"Peter Roskam",2
1189,"MARTHA MCSALLY",2
1190,"KYRSTEN SINEMA",2
1191,WINFREY,2
1192,Shah,2
1193,"Ryan Zinke",2
1194,Zinke,2
1195,"Emmet Flood",2
1196,Bossert,2
1197,Jacobson,2
1198,"Richard Cordray",2
1199,Cordray,2
1200,"Tom Price",2
1201,"Michael Short",2
1202,Politico,2
1203,Shaub,2
1204,Walsh,2
1205,Bharara,2
1206,"Jim Acosta",2
1207,"Brian Kemp",2
1208,McRaven,2
1209,"Kirstjen Nielsen",2
1210,"Bradley Smith",2
1211,Barbara,2
1212,"George P. Bush",2
1213,"Dan Quayle",2
1214,"George Herbert Walker Bush",2
1215,"Condoleezza Rice",2
1216,Philip,2
1217,"Orrin Hatch",2
1218,"John G. Roberts Jr.",2
1219,"Rick Perry",2
1220,Gowdy,2
1221,"Bill Mears",2
1222,"CHARLES SCHUMER",2
1223,McCready,2
1224,"ADAM MAKOS",2
1225,Pam,2
1226,KNIGHT,2
1227,"THOMAS HUDNER",2
1228,Watson,2
1229,"Justin Trudeau",2
1230,"Michael McFaul",2
1231,Bond,2
1232,Kurilla,2
1233,RENO,2
1234,"Anita Dunn",2
1235,"Cedric Richmond",2
1236,Demers,2
1237,"Deval Patrick",2
1238,"Tammy Baldwin",2
1239,Patrick,2
1240,"Tom Vilsack",2
1241,Marshall,2
1242,"Kate Bornstein",2
1243,"Josh Charles",2
1244,"Arthur Miller",2
1245,Shakespeare,2
1246,"Ivana Trump",2
1247,"Harvey Weinstein",2
1248,Lanny,2
1249,Nunberg,2
1250,"Andrew G. McCabe",2
1251,"Maria Bartiromo",2
1252,"Rebecca Katz",2
1253,Marinoni,2
1254,"Joseph J. Lhota",2
1255,"T. S. Ellis III",2
1256,"Rinat Akhmetov",2
1257,"Anthony M. Kennedy",2
1258,"Paula Jones",2
1259,Rosenzweig,2
1260,"Charlie Black",2
1261,"Greg D. Andres",2
1262,"Mark Sanford",2
1263,"Joe Arpaio",2
1264,Kathy,2
1265,"Thomas J. Barrack Jr.",2
1266,"Stephen Calk",2
1267,Moran,2
1268,Elon,2
1269,Awan,2
1270,"Susan E. Rice",2
1271,Rice,2
1272,"Peter Strzok",2
1273,Strzok,2
1274,"Jeh Johnson",2
1275,"David Lat",2
1276,"Robert H. Bork",2
1277,Koch,2
1278,"Randy Barnett",2
1279,Hollis-Brusky,2
1280,Fallon,2
1281,"Terence Evans",2
1282,"Al Franken",2
1283,Franken,2
1284,"Ron Wyden",2
1285,"Tim Scott",2
1286,"Viktor Yanukovych",2
1287,"Hulk Hogan",2
1288,"Mario M. Cuomo",2
1289,"Dani Lever",2
1290,Glaser,2
1291,"Robert Wexler",2
1292,Haag,2
1293,Timberg,2
1294,Forrestal,2
1295,Iseman,2
1296,"Mark Salter",2
1297,Lehman,2
1298,Kara-Murza,2
1299,Cynthia,2
1300,Lander,2
1301,Spotify,2
1302,Vlasto,2
1303,Lawsky,2
1304,"Donald H. Rumsfeld",2
1305,"Sergey I. Kislyak",2
1306,Magoo,2
1307,Lamb,2
1308,Bishop,2
1309,Bliss,2
1310,"Joni Ernst",2
1311,Garland,2
1312,Avakian,2
1313,Peikin,2
1314,Hodgkins,2
1315,"Buckley Sandler",2
1316,"Marc Kasowitz",2
1317,"Hillary Rodham Clinton",2
1318,"Gary Hart",2
1319,"Ruth Marcus",2
1320,"Catherine Cornelius",2
1321,"Robert Fiske",2
1322,"Mary Wilson",2
1323,"Henry Kissinger",2
1324,"George McGovern",2
1325,McGovern,2
1326,Gillum,2
1327,"Pramila Jayapal",2
1328,"John Ehrlichman",2
1329,"Daniel Ellsberg",2
1330,Toobin,2
1331,Goldstone,2
1332,"Jason Riley",2
1333,"JIMMY PANETTA",2
1334,Daesh,2
1335,"Cornell Belcher",2
1336,"Maya Harris",2
1337,Lowey,2
1338,"Mikhail Gorbachev",2
1339,Ahmad,2
1340,Fink,2
1341,Anzalone,2
1342,"Kate Bedingfield",2
1343,"Zoe Lofgren",2
1344,Ohr,2
1345,"Richard Westling",2
1346,"John Yarmuth",2
1347,"Michael Anton",2
1348,"Blasey Ford",2
1349,Campbell,2
1350,Downs,2
1351,Garlock,2
1352,"Jerry Brown",2
1353,"Jeff Adachi",2
1354,"Terence Hallinan",2
1355,"Willie Brown",2
1356,"Olivia Pope",2
1357,"Suzy Loftus",2
1358,"Mimi Rocah",2
1359,"Joseph Mifsud",2
1360,"Natalia Veselnitskaya",2
1361,Gorkov,2
1362,"David Perdue",2
1363,"Don Fowler",2
1364,Lawrence,2
1365,Vavreck,2
1366,CHILCOTE,2
1367,Gerry,2
1368,"GERALD F. SEIB",2
1369,SEIB,2
1370,Katie,2
1371,"David Plouffe",2
1372,Plouffe,2
1373,"T. DENNY SANFORD",2
1374,"Denny Sanford",2
1375,Engel,2
1376,"Richard Burr",2
1377,"Abdel Fattah el-Sisi",2
1378,"Viktor Orban",2
1379,"R. Nicholas Burns",2
1380,"Elliott Abrams",2
1381,"Mary McCord",2
1382,"Hogan Gidley",2
1383,Axelrod,2
1384,"Jessica Cheung",2
1385,"Mike Flynn",2
1386,"David Kris",2
1387,"Cornel West",2
1388,"Wendy Sherman",2
1389,"Benny Gantz",2
1390,"Keith Ellison",2
1391,Saban,2
1392,Marcus,2
1393,"Ro Khanna",2
1394,"Andrew Young",2
1395,"La Casa",2
1396,Otto,2
1397,Warmbier,2
1398,North,2
1399,"Timothy O'Brien",2
1400,O'Brien,2
1401,"Sheldon Whitehouse",2
1402,"Pat Cipollone",2
1403,Levin,2
1404,Jeffries,2
1405,Blanchard,2
1406,"Rachel Maddow",2
1407,Wolf,2
1408,Wolfe,2
1409,Hayden,2
1410,Semrad,2
1411,Drollinger,2
1412,"Recep Tayyip Erdogan",2
1413,"Ash Carter",2
1414,Ralph,2
1415,"Jay Carney",2
1416,"Edward Snowden",2
1417,"John Cornyn",2
1418,"Sidney Offit",2
1419,Schlesinger,2
1420,Bowers,2
1421,Ackermann,2
1422,Ali,2
1423,Frazier,2
1424,"Joseph McCarthy",2
1425,Roy,2
1426,"Johnny Depp",2
1427,"Jennifer Agiesta",2
1428,"Kayleigh McEnany",2
1429,"Lester Holt",2
1430,"Jeffrey Lukish",2
1431,Zeidenberg,2
1432,Pfeffer,2
1433,Tenpas,2
1434,Kong,2
1435,"Bobby Knight",2
1436,Edmonds,2
1437,Shafi,2
1438,Aaliyah,2
1439,Jay-Z,2
1440,Gaughan,2
1441,"Lady Gaga",2
1442,Ratcliffe,2
1443,"Stephenie Meyer",2
1444,Reich,2
1445,"Joy Behar",2
1446,"Don Lemon",2
1447,"Whoopi Goldberg",2
1448,"Ed Rendell",2
1449,"Sunny Hostin",2
1450,"Abby Huntsman",2
1451,"Jon Huntsman Jr.",2
1452,"Ana Navarro",2
1453,"Mika Brzezinski",2
1454,Hostin,2
1455,"Ellen DeGeneres",2
1456,"Meghan McCains",2
1457,"Bill Geddie",2
1458,Jackie,2
1459,"Debbie Matenopoulos",2
1460,"Meredith Vieira",2
1461,Vieira,2
1462,"Tim Hasselbeck",2
1463,Rosie,2
1464,Hasselbeck,2
1465,Geddie,2
1466,"Hilary Estey McLoughlin",2
1467,Ellen,2
1468,"Brian Teta",2
1469,"Candi Carter",2
1470,"Candace Cameron Bure",2
1471,"Star Jones",2
1472,"Ramin Setoodeh",2
1473,"Michael Bennet",2
1474,"Shyamala Gopalan",2
1475,"Donald Harris",2
1476,Meena,2
1477,Adams,2
1478,"Hoda Muthana",2
1479,"GENEVIEVE RYAN",2
1480,Snowden,2
1481,Griffin,2
1482,Patten,2
1483,"Larissa Anderson",2
1484,Harpootlian,2
1485,"William J. Burns",2
1486,Wheeler,2
1487,"Mark Longabaugh",2
1488,"Faiz Shakir",2
1489,Weaver,2
1490,Mulvey,2
1491,Longabaugh,2
1492,"Michael Dukakis",2
1493,"Condi Rice",2
1494,"Jurgen Klopp",2
1495,"Ian Graham",2
1496,"Trent Alexander-Arnold",2
1497,"Mohamed al-Fayed",2
1498,"Roman Abramovich",2
1499,"Stan Kroenke",2
1500,"Tom Hicks",2
1501,"George Gillett",2
1502,"Stan Musial",2
1503,"Luis Suarez",2
1504,"Roberto Firmino",2
1505,"Divock Origi",2
1506,Pele,2
1507,"Michael Lewis",2
1508,"Sam Allardyce",2
1509,"Craig Burley",2
1510,"Naby Keita",2
1511,"Ian Rush",2
1512,"Alex Oxlade-Chamberlain",2
1513,"Barry Hunter",2
1514,Firmino,2
1515,"Sadio Mane",2
1516,"Philippe Coutinho",2
1517,"Alisson Becker",2
1518,Fabinho,2
1519,"Virgil van Dijk",2
1520,"Tim Waskett",2
1521,"Dafydd Steele",2
1522,"Will Spearman",2
1523,Messi,2
1524,Waskett,2
1525,"Nathaniel Jones",2
1526,"John Yinger",2
1527,"Bill Richardson",2
1528,"George Miller",2
1529,"Joey Killer",2
1530,Roger,2
1531,"Kevin Allen",2
1532,"Kwame Jackson",2
1533,"Mike Tyson",2
1534,"Don King",2
1535,"Robert E. Lee",2
1536,"Jason Kessler",2
1537,"James Fields",2
1538,"Lynne Patton",2
1539,Cartwright,2
1540,Mitch,2
1541,"Joe Rogan",2
1542,"JEFF DANIELS",2
1543,"Crazy Nancy",2
1544,"Walter Kirn",2
1545,"Pete Best",2
1546,Eller,2
1547,"Tom Day",2
1548,Wormley,2
1549,"Rachel Quester",2
1550,"Eric Krupke",2
1551,"Marc Georges",2
1552,"Mark Dubowitz",2
1553,Dubowitz,2
1554,"Dexter Fletcher",2
1555,"Reginald Dwight",2
1556,"Elton John",2
1557,"Reg Dwight",2
1558,"Philip Norman",2
1559,"Reggie Dwight",2
1560,Handel,2
1561,"Helen Piena",2
1562,"Stanley Dwight",2
1563,"Geoff Dwight",2
1564,Edna,2
1565,Kingsman,2
1566,"Taron Egerton",2
1567,"John Lennon",2
1568,"Ray Charles",2
1569,"Jim Reeves",2
1570,Pinner,2
1571,"Patti LaBelle",2
1572,"Elton Dean",2
1573,Lennon,2
1574,"Long John Baldry",2
1575,"Charlie Watts",2
1576,"Jack Bruce",2
1577,"Jimmy Page",2
1578,"Rod Stewart",2
1579,Bluesology,2
1580,"Stephen Graham",2
1581,"Bernie Taupin",2
1582,"Jamie Bell",2
1583,Daniel,2
1584,"Leon Russell",2
1585,Arabella,2
1586,Renate,2
1587,"John Reid",2
1588,"Richard Madden",2
1589,"Linda Woodrow",2
1590,"Renate Blauel",2
1591,"Leo Varadkar",2
1592,"Queen Elizabeth",2
1593,Harry,2
1594,Elizabeth,2
1595,"Libra Max",2
1596,Schwiep,2
1597,"Jan Crawford",2
1598,Hart,2
1599,Midler,2
1600,Urbina,2
1601,Solnit,2
1602,"Symone Sanders",2
1603,Richmond,2
1604,Bailey,2
1605,"Luigi Zingales",2
1606,"Jim Warren",2
1607,"Ta-Nehisi Coates",2
1608,Thurmond,2
1609,"Stonewall Jackson",2
1610,"Deborah Ramirez",1
1611,"Kim Kardashian West",1
1612,"Alice Marie Johnson",1
1613,"Kardashian West",1
1614,"Kanye West",1
1615,"Joseph Crowley",1
1616,"ROBERT UPSHUR WOODWARD",1
1617,"JOSEPH SCARBOROUGH",1
1618,"DONNA LEASE BRAZILE",1
1619,BRAZILE,1
1620,"CHRISTOPHER CHARLES CUOMO",1
1621,"DANIEL JOHN BONGINO",1
1622,"Steve Miller",1
1623,"DYLAN CORBETT",1
1624,"KRIS WILLIAM KOBACH",1
1625,"Christian Whiton",1
1626,"Steve Mnuchin",1
1627,"J Powell",1
1628,"Kevin Hassett",1
1629,Farrakhan,1
1630,Sarsour,1
1631,CHAPMAN,1
1632,"CLAIRE CONNER MCCASKILL",1
1633,Bryan,1
1634,"Jack Kennedy",1
1635,"Collman Lloyd",1
1636,"Rich Edson",1
1637,"JOHN GARAMENDI",1
1638,Kate,1
1639,"Louis Gohmert",1
1640,Mohamed,1
1641,"Charles Hurt",1
1642,"HILARY CLINTON",1
1643,"al Qaeda",1
1644,HERSHEL,1
1645,Herschel,1
1646,"DOLLY PARTON",1
1647,Dolly,1
1648,PARTON,1
1649,"Charles Chamberlain",1
1650,"Antonio Weiss",1
1651,"Joshua Alcorn",1
1652,"Gregory C. Simon",1
1653,"Sarah Bianchi",1
1654,"Beau Biden",1
1655,"Aaron Sorkin",1
1656,"Melinda Gates",1
1657,"Antony J. Blinken",1
1658,"Amy Gutmann",1
1659,"Sean Parker",1
1660,"Steven Spielberg",1
1661,"Jeffrey Katzenberg",1
1662,"Tim Gill",1
1663,"Louisa Terrell",1
1664,"Danielle Carnival",1
1665,"Alexander Hamilton",1
1666,"Warren G. Harding",1
1667,"Bruce Orr",1
1668,"Tom Tillis",1
1669,"Mark Krikorian",1
1670,"Sam Rayburn",1
1671,"Alexander Ocasio-Cortez",1
1672,"Mike Johnson",1
1673,"Jean Caragher",1
1674,anti-Trump,1
1675,GREEN,1
1676,"Tom Carper",1
1677,"Waleed Shahid",1
1678,"Lou Frillman",1
1679,"Jack Markell",1
1680,Carper,1
1681,"Dick Shelby",1
1682,"Dave Obey",1
1683,"Ellen Tauscher",1
1684,"Paula Nowakowski",1
1685,"Eric Cantor",1
1686,"Spencer Bachus",1
1687,"Robert Gibbs",1
1688,Hank,1
1689,"Judd Gregg",1
1690,"Andrew Mellon",1
1691,"Herbert Hoover",1
1692,"Jerry Lewis",1
1693,"Mary Bono",1
1694,"Dan Meyer",1
1695,Meyer,1
1696,"George Soros",1
1697,"Christopher Dodd",1
1698,Dodd,1
1699,"Martin S. Indyk",1
1700,"Derek H. Chollet",1
1701,Chollet,1
1702,"Patrick M. Shanahan",1
1703,"Kevin Sweeney",1
1704,"Muammar el-Qaddafi",1
1705,"Mike Bolton",1
1706,Sally,1
1707,Loretta,1
1708,"Frank Costello",1
1709,"Charles Van Doren",1
1710,"Martin Shkreli",1
1711,"Tim Mak",1
1712,Mak,1
1713,"Will Cohen",1
1714,"Charlie Nash",1
1715,Nash,1
1716,"Jim Hoft",1
1717,"Milo Yiannopoulos",1
1718,Gaylord,1
1719,"Gregory T. Angelo",1
1720,"Jimmy Dore",1
1721,"Dan Savage",1
1722,"Kevin Sessums",1
1723,"Michelangelo Signorile",1
1724,Sessums,1
1725,Signorile,1
1726,"Chad Griffin",1
1727,"Sam Brownback",1
1728,Brownback,1
1729,"Richard Grenell",1
1730,"Doug Hattaway",1
1731,"Ryan Newcomb",1
1732,"Tim Miller",1
1733,"Chadwick Moore",1
1734,"Le Pen",1
1735,"Marine Le Pen",1
1736,Milo,1
1737,"Colton Buckley",1
1738,Arnett,1
1739,"Stacy McCartor",1
1740,"Jennifer Williams",1
1741,"Ben Shapiro",1
1742,"Peter Thiel",1
1743,"Jamie Kirchick",1
1744,"Richard Goldstein",1
1745,"Alexander Chalgren",1
1746,"Brandon Straka",1
1747,"Michelle Domanico",1
1748,"Patrick Egan",1
1749,"Christina Hoff Sommers",1
1750,"Fyodor Dostoyevsky",1
1751,Sotomayor,1
1752,Kagan,1
1753,"David French",1
1754,"Greg Engle",1
1755,Lindsay,1
1756,"Bret McGurk",1
1757,"Paul Cappuccio",1
1758,"Michael Kelly",1
1759,"Margaret `` Meg '' Barr",1
1760,Patricia,1
1761,"Mike Braun",1
1762,"Corpus Christi",1
1763,"Allard Lowenstein",1
1764,"William Buckley",1
1765,"Robert Kimmitt",1
1766,"Benjamin Wittes",1
1767,Lawfare,1
1768,Wittes,1
1769,"Peter Shane",1
1770,"Dmitry Medvedev",1
1771,"Liam Daly",1
1772,"Narendra Modi",1
1773,Modi,1
1774,"Richard J. Durbin",1
1775,"Patrick J. Leahy",1
1776,"Andrew S. Weiss",1
1777,"Victoria J. Nuland",1
1778,"Richard N. Haass",1
1779,"Luke Coffey",1
1780,"Sergey V. Lavrov",1
1781,"John O. Brennan",1
1782,"Da Nang",1
1783,"David J. Kramer",1
1784,"Jefferson Davis",1
1785,"John Wilkes Booth",1
1786,"Benjamin Franklin",1
1787,"Kenneth Starr",1
1788,"Gouverneur Morris",1
1789,"Charles L. Black",1
1790,"John Doar",1
1791,"Bill Weld",1
1792,"Hillary Rodham",1
1793,Rodham,1
1794,"E. P. Whipple",1
1795,Whipple,1
1796,Booth,1
1797,"Stevenson Archer",1
1798,"Joanne Smith",1
1799,"Sally Challen",1
1800,"John Skinner",1
1801,"Trish Knight",1
1802,"Louise Bullivant",1
1803,"Michal Ladic",1
1804,"Lynda Allen",1
1805,Lynda,1
1806,"Randall Eliason",1
1807,"Bruce Green",1
1808,"Peter Carr",1
1809,Eliason,1
1810,"Jess Morales Rocketto",1
1811,"Rosey R. Abuabara",1
1812,"Chris Evans",1
1813,"Wendy Davis",1
1814,"Matt Gorman",1
1815,"Mary Bell Lockhart",1
1816,"Pete Gallego",1
1817,"Ronald Smith",1
1818,"Martin Luther King",1
1819,"Jimmy Breslin",1
1820,"Peter Rodino",1
1821,"Mark Strickler",1
1822,Andrews,1
1823,Andre,1
1824,Petrillo,1
1825,"J. Scott Jennings",1
1826,"Howard Baker",1
1827,"Earle Clements",1
1828,"Henry Clay",1
1829,Clay,1
1830,"Mel Gibson-movie",1
1831,"Edmund Burke",1
1832,"William S. White",1
1833,"Ted Stevens",1
1834,"Charlie Parker",1
1835,Eisenhower,1
1836,"Frances E. Lee",1
1837,"David Boren",1
1838,Byrd,1
1839,Boren,1
1840,"Darth Vader",1
1841,"Steven Law",1
1842,Law,1
1843,"George Mitchell",1
1844,"Tom Foley",1
1845,"Bob Bennett",1
1846,"Alec MacGillis",1
1847,"Preston Brooks",1
1848,"Charles Sumner",1
1849,"Stephen Puleo",1
1850,"John Dickerson",1
1851,"Bill Pryor",1
1852,Pryor,1
1853,"Meredith McGehee",1
1854,McGehee,1
1855,"David Bossie",1
1856,"Denis McDonough",1
1857,"Brian McGuire",1
1858,"Billy Piper",1
1859,"Ryan Quarles",1
1860,Quarles,1
1861,"Christopher R. Browning",1
1862,"Paul von Hindenburg",1
1863,Hindenburg,1
1864,"von Hindenburg",1
1865,"Jon Meacham",1
1866,Cody,1
1867,"Rudolph Giuliani",1
1868,"Fima Shusterman",1
1869,"Chuck Rosenberg",1
1870,"Mr Davis",1
1871,"Bill Shine",1
1872,"Henry Luce",1
1873,"Frank Gamboa",1
1874,"John S McCain III",1
1875,"Elizabeth Drew",1
1876,"Walter Cronkite",1
1877,"Barry Goldwater",1
1878,"George W Bush",1
1879,Jon,1
1880,"JUAN WILLIAM",1
1881,Sasse,1
1882,"Eliot Ness",1
1883,"Kelli Ward",1
1884,"Daniel Ruiz II",1
1885,"David Petraeus",1
1886,"Lisa Murkowski",1
1887,"Steffen Seibert",1
1888,"Truc Bach Lake",1
1889,"Nguyen Van Trung",1
1890,"Hoang Thi Trang",1
1891,"Tsai Ing-wen",1
1892,"Heiko Maas",1
1893,Maas,1
1894,"Shah Mahmood Qureshi",1
1895,"Avigdor Lieberman",1
1896,"Yair Lapid",1
1897,"Molly Anderson",1
1898,"Ava Burden",1
1899,Anderson,1
1900,"Nguyen Quoc Cuong",1
1901,"Frank Sinatra",1
1902,"Tommy Espinoza",1
1903,"Diane Humetewa",1
1904,"Luis Gonzales",1
1905,"Shane Doan",1
1906,"Raymond Celaya",1
1907,Celaya,1
1908,"Michael Fellars",1
1909,Jimmy,1
1910,Renee,1
1911,"Jeff Zucker",1
1912,"Mike Espy",1
1913,"Oscar Mayer",1
1914,"Debbie O",1
1915,"Greg K.",1
1916,"Roger Starback",1
1917,"Tina R.",1
1918,Cenobio,1
1919,"Sean Duffy",1
1920,Duffy,1
1921,"Sarah Carter",1
1922,"Pharell Williams",1
1923,Gregory,1
1924,"Charlie Hurt",1
1925,"Tom Shillue",1
1926,"ABBY FINKENAUER",1
1927,"DAVID YOUNG",1
1928,"CATHY MCMORRIS RODGERS",1
1929,Heitkamp,1
1930,"Ryan Costello",1
1931,Henson,1
1932,Sinema,1
1933,McCaskill,1
1934,Bredesen,1
1935,"Rafael Cruz",1
1936,"Mike Peterson",1
1937,Swift,1
1938,"Muhammad bin Salman",1
1939,"Martin Griffiths",1
1940,Brit,1
1941,"Mohammad bin Salam",1
1942,Denise,1
1943,Stacy,1
1944,"Bret Baier",1
1945,"Raj Shah",1
1946,"Jamie Rubin",1
1947,"Shahira Knight",1
1948,Short,1
1949,"Kevin Minoli",1
1950,"Thomas Homan",1
1951,"Daniel Ragsdale",1
1952,"Nadia Schadlow",1
1953,Schadlow,1
1954,"Tom Bossert",1
1955,"David Shulkin",1
1956,"Robert Wilkie",1
1957,"Jill McCabe",1
1958,"John Sullivan",1
1959,"John McEntee",1
1960,McEntee,1
1961,Gary,1
1962,"Roberta Jacobson",1
1963,"Ralph Lauren",1
1964,"Josh Raffel",1
1965,"David Sorensen",1
1966,"Paul LePage",1
1967,"Rachel Brand",1
1968,"Leandra English",1
1969,"Sebastian Gorka",1
1970,Priebus,1
1971,"Walter Shaub Jr.",1
1972,"Michael Dubke",1
1973,"Katie Walsh",1
1974,"Timothy J. Kelly",1
1975,"Sarah Huckabee",1
1976,"Brian -LSB- Kemp",1
1977,"Bill Nelson",1
1978,"William H. McRaven",1
1979,Mira,1
1980,"Alan Dershowitz",1
1981,"Louis D. Brandeis",1
1982,Neil,1
1983,Marvin,1
1984,Doro,1
1985,Dad,1
1986,"Tricia Nixon Cox",1
1987,"Julie Nixon Eisenhower",1
1988,Rosalynn,1
1989,Quayle,1
1990,"James A. Baker III",1
1991,"Gina C. Haspel",1
1992,"Saddam Husayn",1
1993,"George H W Bush",1
1994,"James N. Mattis",1
1995,"Mike Huckabee",1
1996,"George HW Bush",1
1997,Janet,1
1998,"Franklin Graham",1
1999,"Billy Graham",1
2000,"Royce Lamberth",1
2001,"Cheryl Mills",1
2002,"Shannon Bream",1
2003,Bream,1
2004,"Amy Jackson",1
2005,"Greg Craig",1
2006,"William Pauley",1
2007,"Karen MacDougal",1
2008,"Matt Leach",1
2009,Lighthizer,1
2010,President,1
2011,"Leah Yamim",1
2012,Leah,1
2013,"Dan McCready",1
2014,"WAYNE GOODWIN",1
2015,"Mancy Pelosi",1
2016,"Bob Pittenger",1
2017,"Robert Pittenger",1
2018,Jessie,1
2019,"PAMELA KNIGHT",1
2020,"Randy Credico",1
2021,"Frank Pentangeli",1
2022,"Clinton Foundation",1
2023,"Andrew Shaffer",1
2024,"James Patterson",1
2025,"Bradley Cooper",1
2026,"Richard Branson",1
2027,"Finn Donnelly",1
2028,"Brandi Bowles",1
2029,"Jason Rekulak",1
2030,Rekulak,1
2031,"Vladimir Frolov",1
2032,"Tatyana Parkhalina",1
2033,"Margaret Thatcher",1
2034,"Mikhail S. Gorbachev",1
2035,Stalin,1
2036,Churchill,1
2037,"Dmitri S. Peskov",1
2038,"Sergei Mironov",1
2039,Mironov,1
2040,"Stephen Sestanovich",1
2041,Sestanovich,1
2042,"Ian Bond",1
2043,"Aleksei A. Venediktov",1
2044,"Ivan Kurilla",1
2045,"Jon M. Huntsman Jr.",1
2046,"Donald Tusk",1
2047,Novichok,1
2048,"Dawn Sturgess",1
2049,"Ewan Hope",1
2050,"Jackie Biskupski",1
2051,"Steve Benjamin",1
2052,"Eric M. Garcetti",1
2053,"Deidre DeJear",1
2054,"John Bowman",1
2055,"Doug Jones",1
2056,"Jim Demers",1
2057,"Colin Allred",1
2058,"Kathleen Stephens",1
2059,"Kate Marshall",1
2060,"Ty Defoe",1
2061,"Stephen Payne",1
2062,"Anna D. Shapiro",1
2063,"Hedda Gabler",1
2064,Lear,1
2065,"Mariah Carey",1
2066,Jean-Georges,1
2067,Payne,1
2068,"Charles Isherwood",1
2069,"Boots Riley",1
2070,Nanette,1
2071,"Hannah Gadsby",1
2072,Gadsby,1
2073,"Margo Jefferson",1
2074,"James Baldwin",1
2075,"Jeffrey M. Jones",1
2076,"Thomas Bradshaw",1
2077,"Annie Baker",1
2078,Barbie,1
2079,Hwang,1
2080,"Chris Rock",1
2081,Barron,1
2082,"Samuel W. Buell",1
2083,"Miranda Hobbes",1
2084,"Christine Marinoni",1
2085,"Christine C. Quinn",1
2086,Quinn,1
2087,"Beth Sufian",1
2088,Miranda,1
2089,"Wallace Shawn",1
2090,"Philip Seymour Hoffman",1
2091,"James Dean",1
2092,"Jonathan Westin",1
2093,"Marc La Vorgna",1
2094,"La Vorgna",1
2095,Bloomberg,1
2096,"Danny Mozes",1
2097,Mozes,1
2098,"Vicki Schwaid",1
2099,"Richard Ravitch",1
2100,"Charles Komanoff",1
2101,Lhota,1
2102,"Mayor Bloomberg",1
2103,Katz,1
2104,Kathleen,1
2105,"Andriy Klyuyev",1
2106,"Borys Kolesnikov",1
2107,"Sergei Lyovochkin",1
2108,"Alex M. Azar II",1
2109,"Robert Bittman",1
2110,"Sol Wisenberg",1
2111,"Andy Leipold",1
2112,Bittman,1
2113,Leipold,1
2114,"Diane Sawyer",1
2115,"Stephen A. Saltzburg",1
2116,"Steven Teles",1
2117,"Rory Little",1
2118,"Hector Hoyos",1
2119,Hoyos,1
2120,Vincent,1
2121,"Ferdinand E. Marcos",1
2122,"Cynthia Laporta",1
2123,Laporta,1
2124,"George F. Will",1
2125,"Charlie Sykes",1
2126,"David Rubenstein",1
2127,"Grover Norquist",1
2128,"Tom Rooney",1
2129,"Adam Putnam",1
2130,Putnam,1
2131,"Riva Levinson",1
2132,Levinson,1
2133,"Paul John Manafort Jr.",1
2134,P.J.,1
2135,"Kathleen Bond",1
2136,"Maggie Moran",1
2137,"Hurricane Maria",1
2138,"Elon Musk",1
2139,Grimes,1
2140,"Antonio Gracias",1
2141,Kimbal,1
2142,"Sheryl Sandberg",1
2143,CrowdStrike,1
2144,"Imran Awan",1
2145,"Debbie Wasserman Schultz",1
2146,"John D. Podesta",1
2147,"Michael S. Rogers",1
2148,"Uzo Asonye",1
2149,Asonye,1
2150,"Solomon L. Wisenberg",1
2151,"William A. Burck",1
2152,"John W. Dean",1
2153,"Michael Beschloss",1
2154,"Evgeny Freidman",1
2155,"Andrew MacMillan",1
2156,Melrose,1
2157,"Jeffrey A. Getzel",1
2158,Getzel,1
2159,"Peter J. Larkin",1
2160,"Keith Davidson",1
2161,"Barbara S. Jones",1
2162,"Rob Stutzman",1
2163,"Brian Walsh",1
2164,"Barbara K. Olson",1
2165,Olson,1
2166,"Robert Luther",1
2167,"Kristine Lucius",1
2168,"Brett Talley",1
2169,Talley,1
2170,"James C. Ho",1
2171,"Franklin Delano Roosevelt",1
2172,"Jim DeMint",1
2173,"William H. Rehnquist",1
2174,McClatchy,1
2175,"Amanda Hollis-Brusky",1
2176,"Ed Whelan",1
2177,"Don Willett",1
2178,Willett,1
2179,"Sheldon Goldman",1
2180,"Nan Aron",1
2181,"Trump Took",1
2182,"J.Scott Jennings",1
2183,"Christopher Kang",1
2184,"Michael Zubrensky",1
2185,Kang,1
2186,"Saxby Chambliss",1
2187,"Johnny Isakson",1
2188,"Jill Pryor",1
2189,"William Proxmire",1
2190,"Gaylord Nelson",1
2191,Proxmire,1
2192,Nelson,1
2193,"Herb Kohl",1
2194,"Russell Feingold",1
2195,"Victoria Nourse",1
2196,"Michelle Behnke",1
2197,"Don Schott",1
2198,"Rick Sankovitz",1
2199,"Rick Esenberg",1
2200,"Johnson Schott",1
2201,"Richard Durbin",1
2202,"David Stras",1
2203,"Tina Smith",1
2204,"Ryan Bounds",1
2205,"Mike Brennan",1
2206,"Scott Walker",1
2207,Napolitano,1
2208,"Ferdinand Marcos",1
2209,"Jonas Savimbi",1
2210,"Mobutu Sese Seko",1
2211,Arpaio,1
2212,"Daniel A. Petalas",1
2213,"Keith M. Davidson",1
2214,"Manny Pacquiao",1
2215,"Jalen Rose",1
2216,"Verne Troyer",1
2217,"Trevor Potter",1
2218,Potter,1
2219,A.M.I.,1
2220,"Kathleen Hall Jamieson",1
2221,"Tim O'Brien",1
2222,"Andrea Cuomo",1
2223,"Richard Charles",1
2224,"Wayne Barrett",1
2225,"Bill Eimicke",1
2226,"Marla Maples",1
2227,"Howard Glaser",1
2228,Lever,1
2229,"Eliot Spitzer",1
2230,"Anthony D. Weiner",1
2231,"Eric T. Schneiderman",1
2232,"Kirsten E. Gillibrand",1
2233,"Glenn Kirschner",1
2234,"Marilyn Hall Patel",1
2235,"Melinda Haag",1
2236,Boxer,1
2237,"Cristina C. Arguedas",1
2238,"Robert Swan Mueller III",1
2239,"John J. Gotti",1
2240,"John S. Pistole",1
2241,Kirschner,1
2242,"Kate McKinnon",1
2243,"John Ashcroft",1
2244,Ashcroft,1
2245,"John S. McCain",1
2246,"Joseph I. Lieberman",1
2247,"Khizr Khan",1
2248,"Humayun Khan",1
2249,Ghazala,1
2250,"John Sidney McCain III",1
2251,"John Sidney McCain Jr.",1
2252,"Roberta Wright",1
2253,"Jean Alexandra",1
2254,Sandy,1
2255,"Joseph Pinckney McCain II",1
2256,"Robert the Bruce",1
2257,"John Sidney McCain",1
2258,"Douglas MacArthur",1
2259,"Robert Timberg",1
2260,"Ensign McCain",1
2261,"Carol Shepp",1
2262,Douglas,1
2263,"Cindy Lou Hensley",1
2264,"John IV",1
2265,"Sandy McCain Morgan",1
2266,"Mae West",1
2267,"Hoa Lo",1
2268,"Jack Van Loan",1
2269,"Van Loan",1
2270,"Charles Keating Jr.",1
2271,"John Rhodes",1
2272,"Barry M. Goldwater",1
2273,"Richard Kimball",1
2274,"Warren B. Rudman",1
2275,"Jack Kemp",1
2276,"Shawn Hatosy",1
2277,"Jerry Falwell",1
2278,"Pat Robertson",1
2279,"Vicki Iseman",1
2280,"Jeff Tsai",1
2281,"Rick Davis",1
2282,"Steve Duprey",1
2283,"John F. Lehman Jr.",1
2284,Salter,1
2285,"Carla Eudy",1
2286,"Warren Beatty",1
2287,"Frederick W. Smith",1
2288,"Vladimir Kara-Murza",1
2289,"Gary D. Cohn",1
2290,"Jumaane D. Williams",1
2291,"Kathy Hochul",1
2292,"Judith Hope",1
2293,"Bill Lipton",1
2294,"Khary Lazarre-White",1
2295,Lazarre-White,1
2296,"Brad Lander",1
2297,Infowars,1
2298,"Mike Hanson",1
2299,"Edgar Maddison Welch",1
2300,"Leonard Pozner",1
2301,Noah,1
2302,"Lucy Richards",1
2303,"Gary Allen",1
2304,"David R. Jones",1
2305,"Matt Redhawk",1
2306,Redhawk,1
2307,"Chad Cooper",1
2308,"Robert A. Jacobson",1
2309,"Ashley L. Beckford",1
2310,Beckford,1
2311,"Serena Williams",1
2312,"Naomi Osaka",1
2313,Osaka,1
2314,"Carlos Ramos",1
2315,"Patrick Mouratoglou",1
2316,"Sascha Bajin",1
2317,"Jennifer Capriati",1
2318,"Kim Clijsters",1
2319,"Brian Earley",1
2320,"Donna Kelso",1
2321,"Chris Evert",1
2322,"Billie Jean King",1
2323,"Katrina Adams",1
2324,Serena,1
2325,"Vin Weber",1
2326,"Gregory Craig",1
2327,Weber,1
2328,"Yulia V. Tymoshenko",1
2329,"Marc E. Kasowitz",1
2330,"Marty Raskin",1
2331,"Joanna C. Hendon",1
2332,"John F. Kennedy Airport",1
2333,"Marcus J. Molinaro",1
2334,"Alfred E. Smith",1
2335,"Harold Holzer",1
2336,"Steven M. Cohen",1
2337,"Keith Wright",1
2338,"Joseph Percoco",1
2339,"Josh Vlasto",1
2340,"Liz Krueger",1
2341,"Robert Caro",1
2342,"Jonathan Cowan",1
2343,Cowan,1
2344,"Kathryn S. Wylde",1
2345,"Benjamin Lawsky",1
2346,"William O'Shaughnessy",1
2347,O'Shaughnessy,1
2348,"Ed Royce",1
2349,Royce,1
2350,"Rodney Frelinghuysen",1
2351,"Steve Stivers",1
2352,"Bob Corker",1
2353,"Frank LoBiondo",1
2354,"Dennis Ross",1
2355,Ross,1
2356,LoBiondo,1
2357,Ohioan,1
2358,"Pat Tiberi",1
2359,Tiberi,1
2360,"Katie Arrington",1
2361,Arrington,1
2362,"Joe Cunningham",1
2363,Corker,1
2364,"Laura Kelly",1
2365,"Kim Reynolds",1
2366,Reynolds,1
2367,"Raul Labrador",1
2368,"Brad Little",1
2369,Labrador,1
2370,Little,1
2371,"Ben Ray Lujan",1
2372,"Conor Lamb",1
2373,"Kevin Yoder",1
2374,"Sharice Davids",1
2375,C.L.F.,1
2376,"Mike Bishop",1
2377,"Mike Coffman",1
2378,"Randy Hultgren",1
2379,"Steve Russell",1
2380,"Corry Bliss",1
2381,"Bernard Montgomery",1
2382,"John James",1
2383,"Debbie Stabenow",1
2384,"Johnny DeStefano",1
2385,"Evan Bayh",1
2386,"Patrick E. Murphy",1
2387,"Ted Strickland",1
2388,"Merrick B. Garland",1
2389,R.B.S.,1
2390,"Robert J. Jackson Jr.",1
2391,"Harvey L. Pitt",1
2392,"Stephanie Avakian",1
2393,"Steven Peikin",1
2394,"Steven Stafford",1
2395,"Jay Clayton",1
2396,"J. Bradley Bennett",1
2397,"Gerald Hodgkins",1
2398,"Elizabeth Holmes",1
2399,"Urska Velikonja",1
2400,"Andrew J. Ceresney",1
2401,Kokesh,1
2402,Stafford,1
2403,"Duke Law",1
2404,"Brandon L. Garrett",1
2405,"Andrew Schilling",1
2406,"Brenna Bird",1
2407,"Leonard A. Leo",1
2408,Marbury,1
2409,"Don Patterson",1
2410,"Charles Larson Jr.",1
2411,Larson,1
2412,"Robert Rigg",1
2413,"Matt McCoy",1
2414,"Matt Strawn",1
2415,"Terry Branstad",1
2416,"Tim Pawlenty",1
2417,"Gregory A. Brower",1
2418,"Mark Sherman",1
2419,"Archibald Cox",1
2420,"Robert Bork",1
2421,Cox,1
2422,"Leon Jaworski",1
2423,"William Rehnquist",1
2424,"Warren Burger",1
2425,"Steve Vladeck",1
2426,"Jonathan Karl",1
2427,Stephanopoulos,1
2428,"Joe Scarborough",1
2429,"Mark Levin",1
2430,Flowers,1
2431,"Leon Neyfakh",1
2432,"Marie Purkins",1
2433,Hubbell,1
2434,"Webb Hubbell",1
2435,"Ron Burkle",1
2436,"Joycelyn Elders",1
2437,"Dee Dee Myers",1
2438,"Ross Perot",1
2439,"Linda Tripp",1
2440,Tripp,1
2441,"Christopher Ruddy",1
2442,"Harold Ickes",1
2443,Sherburne,1
2444,"Boris Yeltsin",1
2445,"Cliff Jackson",1
2446,"Andrew Parsons",1
2447,"Josh Levin",1
2448,"Gabriel Roth",1
2449,"Madeline Kaplan",1
2450,"T.J. Raphael",1
2451,"Steve Lickteig",1
2452,"Ava Lubell",1
2453,"Susan Matthews",1
2454,"Faith Smith",1
2455,"Jeff Friedrich",1
2456,"Jayson De Leon",1
2457,"Forrest Wickman",1
2458,"June Thomas",1
2459,"Camilla Hammer",1
2460,"Russell Riley",1
2461,"Joe Lieberman",1
2462,"Theodore Roosevelt",1
2463,Jesus,1
2464,"Patty Murray",1
2465,"Libby Watson",1
2466,"Lori Lodes",1
2467,"Amy McGrath",1
2468,"MJ Hegar",1
2469,McGrath,1
2470,Hegar,1
2471,"Fred Upton",1
2472,"Isaac Butler",1
2473,"Tanya Somanader",1
2474,"Jon Lovett",1
2475,"Mark Egerman",1
2476,"Thomas Eagleton",1
2477,"Trayvon Martin",1
2478,"Joe Crowley",1
2479,Merkley,1
2480,"Chris Murphy",1
2481,"William Saletan",1
2482,"John Mitchell",1
2483,"J. Edgar Hoover",1
2484,"Richard Kleindienst",1
2485,Ehrlichman,1
2486,"Egil Krogh",1
2487,"Charles Colson",1
2488,Krogh,1
2489,Colson,1
2490,"Herbert W. Kalmbach",1
2491,Kalmbach,1
2492,"G. Gordon Liddy",1
2493,"Jeffrey Toobin",1
2494,"Cass Sunstein",1
2495,Sunstein,1
2496,"Rob Goldstone",1
2497,Russia-Trump,1
2498,"Andy Wright",1
2499,"Jen Stoltenberg",1
2500,"Tyrone Brown",1
2501,"Kijani Edwards",1
2502,"Charles Lee",1
2503,"DeJuana Thompson",1
2504,"LaTosha Brown",1
2505,"Ian Sams",1
2506,"Theodore R. Johnson",1
2507,"Nathaniel Stewart",1
2508,Cory,1
2509,"Tyrone Hutchinson",1
2510,"James Moore",1
2511,Latina,1
2512,"Rozena Harten",1
2513,Harten,1
2514,"Tiffany Stevenson",1
2515,"KATHY TRAN",1
2516,"George Tenet",1
2517,"Shepard Smith",1
2518,"Larry Fink",1
2519,Donilon,1
2520,Ashley,1
2521,"Marty Parrish",1
2522,"Top Mueller",1
2523,"Greg Andres",1
2524,"Annie Donaldson",1
2525,Lofgren,1
2526,"Bruce Ohr",1
2527,"Sheila Jackson Lee",1
2528,"Peter Welch",1
2529,"Jeff Bozo",1
2530,Tester,1
2531,Capito,1
2532,"Rich Lowry",1
2533,"Karen McDougall",1
2534,"Lynn Latta",1
2535,Lynn,1
2536,"Mark Herring",1
2537,"Steve King",1
2538,Ford,1
2539,Tyson,1
2540,"Vanessa Tyson",1
2541,"Arianna Jones",1
2542,"Jane O'Meara Sanders",1
2543,"Vincent Fort",1
2544,Fort,1
2545,"Bonnie Campbell",1
2546,"Patti Downs",1
2547,"Cindy Garlock",1
2548,"Tom Harkin",1
2549,"Dave Loebsack",1
2550,"Laurie Levenson",1
2551,"Sean Clegg",1
2552,Loftus,1
2553,D.A.,1
2554,"Robert Weisberg",1
2555,"Kevin Cooper",1
2556,"Erwin Chemerinsky",1
2557,Chemerinsky,1
2558,"Brian Nelson",1
2559,"Hadar Aviram",1
2560,Trumpworld,1
2561,BuzzFeed,1
2562,Sater,1
2563,Mifsud,1
2564,"Mother Jones",1
2565,"Stephen M. Ryan",1
2566,"Robert J. Costello",1
2567,"Ed Markey",1
2568,Markey,1
2569,"Howard X",1
2570,Plame,1
2571,"Aleksandra Krylova",1
2572,"Anna Bogacheva",1
2573,Guccifer,1
2574,"Viktor Vekselberg",1
2575,"Sergey Gorkov",1
2576,"Jens David Ohlin",1
2577,"Keith Schiller",1
2578,Schiller,1
2579,"Gina Glantz",1
2580,"Paul A. Sracic",1
2581,"Frank Wilkinson",1
2582,Trumpism,1
2583,Fowler,1
2584,"LeBron James",1
2585,"Scott Reed",1
2586,Reed,1
2587,"Bobby Kennedy",1
2588,"Richard Murray",1
2589,"Dan Patrick",1
2590,Murray,1
2591,"Keir Murray",1
2592,"Robert Stein",1
2593,Stein,1
2594,"Beto O'Rourke Rivals Trump",1
2595,"Natasha Korecki",1
2596,Korecki,1
2597,"Celinda Lake",1
2598,"John Lawrence",1
2599,"Isaac Hale",1
2600,Hale,1
2601,"Lynn Vavreck",1
2602,"Suzanne Model",1
2603,"G. Elliott Morris",1
2604,"Jonathan Allen",1
2605,"Alex Seitz-Wald",1
2606,"David Sirota",1
2607,Sirota,1
2608,"JACINDA ARDERN",1
2609,"Gerald Seib",1
2610,"Jo Pyper",1
2611,Jo,1
2612,"Bill Gates",1
2613,"Warren Buffett",1
2614,"Michael Bloomberg",1
2615,Wolt,1
2616,"Kamil Ekim Alptekin",1
2617,"Bijan Kian",1
2618,Kian,1
2619,"Elena Alekseevna Khusyaynova",1
2620,"Maria Butina",1
2621,Butina,1
2622,"Elliott Broidy",1
2623,"George Nader",1
2624,"Daniel Goldman",1
2625,"Stefan Passantino",1
2626,"Sheri Dillon",1
2627,"Barry Berke",1
2628,"Norm Eisen",1
2629,"Richard Neal",1
2630,"Natasha Bertrand",1
2631,Bertrand,1
2632,"Jair Bolsonaro",1
2633,McGurk,1
2634,Mohammed,1
2635,"Roberta S. Jacobson",1
2636,"Sandra Jackson",1
2637,Jr.,1
2638,"Ed Rollins",1
2639,"Paul -RSB- Manafort",1
2640,"David Jacobson",1
2641,"John Phillips",1
2642,"Eric H. Holder",1
2643,"Eric Schultz",1
2644,"Steve Westly",1
2645,Westly,1
2646,Holder,1
2647,"Rufus Gifford",1
2648,Gifford,1
2649,Doo,1
2650,"Bill Barr of the Mueller",1
2651,"Samuel Buell",1
2652,"Thomas Jefferson",1
2653,"Deborah Parker",1
2654,"Howard Berman",1
2655,"Bonnie Schaefer",1
2656,"Matt Duss",1
2657,Muslim,1
2658,Zogby,1
2659,"John Hagee",1
2660,"Antonio Villaraigosa",1
2661,"Donald Norcross",1
2662,"Ted Lieu",1
2663,"Kate Gould",1
2664,"Emmanuel Nahshon",1
2665,"Morton A. Klein",1
2666,"Hendrik Verwoerd",1
2667,"Yosef Jabareen",1
2668,"Sharon Brous",1
2669,"Emily Mayer",1
2670,"Betty McCollum",1
2671,"Alan D. Solomont",1
2672,"Peter Joseph",1
2673,Jewish,1
2674,"S. Daniel Abraham",1
2675,"Haim Saban",1
2676,Barnard,1
2677,"Ann Arbor",1
2678,"Ali Rosenblatt",1
2679,"Ari Spellman",1
2680,"Ron Weiser",1
2681,"Mark J. Bernstein",1
2682,"Mark Schlissel",1
2683,"Kenneth Marcus",1
2684,"Kenneth Stern",1
2685,Stern,1
2686,"Jamil Dakwar",1
2687,Dickinson,1
2688,"Lara Friedman",1
2689,"Hank Johnson",1
2690,"Yehuda Blum",1
2691,"Moshe Dayan",1
2692,"Stuart Eizenstat",1
2693,Blum,1
2694,"Andy Young",1
2695,Dayan,1
2696,"Ron Klein",1
2697,"Joel Rubin",1
2698,"Issa Amro",1
2699,"Nadia Ben-Youssef",1
2700,Adalah,1
2701,"Jamal Zahalka",1
2702,"Jan Schakowsky",1
2703,"Kristian Davis Bailey",1
2704,"Remi Kanazi",1
2705,"Mari Morales-Williams",1
2706,"Angela Davis",1
2707,"Danny Glover",1
2708,"Omar Barghouti",1
2709,"Noura Erekat",1
2710,"Patrisse Cullors",1
2711,"David Project",1
2712,"Becca Lubow",1
2713,pro-Israel,1
2714,Lubow,1
2715,"Ali Abunimah",1
2716,Abunimah,1
2717,"John Conyers",1
2718,"Chair Adam Schiff",1
2719,"Chair Elijah Cummings",1
2720,"I. Ronald Reagan",1
2721,"Woodrow Wilson Center",1
2722,"Brian Castaldo",1
2723,Steny,1
2724,Debbie,1
2725,"Lindsey Olin Graham",1
2726,"Rush Limbaugh",1
2727,"Lindsey Grahamnesty",1
2728,Darline,1
2729,Lindsey,1
2730,Evan,1
2731,"Evan McMullin",1
2732,"Ri Yong-ho",1
2733,"Kim Hyok-chol",1
2734,"Dan Scavino",1
2735,"Catherine Herridge",1
2736,"Kristin Brown",1
2737,Marla,1
2738,"Michael Corleone",1
2739,"Emily Jane Fox",1
2740,Renfield,1
2741,"Rielle Hunter",1
2742,"Bunny Mellon",1
2743,"Michael D'Antonio",1
2744,"Lauren Sanchez",1
2745,D'Antonio,1
2746,"Robert W. Ray",1
2747,"Edward O'Callaghan",1
2748,"Steven A. Engel",1
2749,Manfort,1
2750,"Berman Jackson",1
2751,"Alexey Nalavny",1
2752,"Michael -RSB- Flynn",1
2753,"Neal Katyal",1
2754,"Ken White",1
2755,"Robert S. Mueller",1
2756,"Lawrence Walsh",1
2757,"Robert Carlin",1
2758,"Stephen Biegun",1
2759,"Elizabeth Saunders",1
2760,"Christopher Hill",1
2761,"Ankit Panda",1
2762,"Robert Browning",1
2763,"John le Carre",1
2764,"Pat Kiernan",1
2765,"Amazon Cuomo",1
2766,"Danny O'Donnell",1
2767,"Franklin Roosevelt",1
2768,"Mike Whyland",1
2769,"Carl Heastie",1
2770,Heastie,1
2771,"Tom Brady",1
2772,"Melissa DeRosa",1
2773,DeRosa,1
2774,Jayapal,1
2775,"Mark Pocan",1
2776,Pocan,1
2777,"Ezra Levin",1
2778,"Glennda Testone",1
2779,"Laura Olin",1
2780,Olin,1
2781,"Shelby Cole",1
2782,"Peter Hanscom",1
2783,Hanscom,1
2784,"Lisa Blanchard",1
2785,"Ilya Sheyman",1
2786,Sheyman,1
2787,"Mike Nellis",1
2788,"Yulia Tymoshenko",1
2789,"Michael Hayden",1
2790,"Harvey Keitel",1
2791,"Marsellus Wallace",1
2792,"Barbara Stephenson",1
2793,"Dan Smith",1
2794,Rex,1
2795,"Paul Wolfowitz",1
2796,"Tony Blinken",1
2797,"Ulrich Brechbuhl",1
2798,"Mary Ann Glendon",1
2799,"David Koch",1
2800,"Susan Justice Mostruous",1
2801,"Raj Goyle",1
2802,"Joel C. Rosenberg",1
2803,Isaiah,1
2804,Jeremiah,1
2805,"Terry Fox",1
2806,"Prince Mohammed",1
2807,M.B.S.,1
2808,"David Satterfield",1
2809,"Joe Semrad",1
2810,"King Salman",1
2811,"Ralph Drollinger",1
2812,"Muhammed bin Salman",1
2813,"Lesley Stahl",1
2814,"Fethullah Gulen",1
2815,"Andrew Brunson",1
2816,Brunson,1
2817,Cryin,1
2818,Medicare-for-All,1
2819,"Donald Trump Junior",1
2820,"Jacob Staven",1
2821,"Joe Bidens",1
2822,"Matt Latimer",1
2823,"Keith Urbahn",1
2824,"Martha Stewart",1
2825,"Nancy Reagan",1
2826,"Dan Bartlett",1
2827,"Michael Kinsley",1
2828,"David Stockman",1
2829,"Robert Barnett",1
2830,"Donald Rumsfeld",1
2831,Javelin,1
2832,"Bob Barnett",1
2833,"Mike Hubbard",1
2834,"John Maxwell",1
2835,"Mark Felt",1
2836,Grant,1
2837,"Ulysses S. Grant",1
2838,"Guy Snodgrass",1
2839,"Brian Rabbitt",1
2840,Rabbitt,1
2841,"Matthew P. Whitaker",1
2842,"Chad Pergram",1
2843,"Elizabeth Zwirz",1
2844,"Rosemary T. Vrablic",1
2845,"Kerrie McHugh",1
2846,"Amanda Miller",1
2847,"Justin Kennedy",1
2848,"Mike Offit",1
2849,"Edson Mitchell",1
2850,"Richard Byrne",1
2851,"Josef Ackermann",1
2852,"Alan Greenspan",1
2853,"Steven Schlesinger",1
2854,"Thomas Bowers",1
2855,Rosemary,1
2856,"Anshu Jain",1
2857,"Stuart Clarke",1
2858,Trumps,1
2859,"Carl Gaines",1
2860,"Megyn Kelly",1
2861,"Jacques Brand",1
2862,"Rosemary Vrablic",1
2863,"Motoko Rich",1
2864,"Siegfried Hecker",1
2865,"David Sanger",1
2866,"Choe Sang-Hun",1
2867,"Nguyen Xuan Phuc",1
2868,"Nguyen Phu Trong",1
2869,"Thae Yong-ho",1
2870,"Jane Perlez",1
2871,Thae,1
2872,"Da Nang Dick Blumenthal",1
2873,Blumenthal,1
2874,"Charlie Chaplin",1
2875,"Graham Greene",1
2876,"Jane Fonda",1
2877,"Angelina Jolie",1
2878,"Brad Pitt",1
2879,"Ben Tulchin",1
2880,Tulchin,1
2881,"Hillary Clinton Obama",1
2882,"Michael Dean Cohen",1
2883,Laura,1
2884,Sami,1
2885,Forbes,1
2886,"Carolyn B. Maloney",1
2887,"Robert Francis",1
2888,Gidley,1
2889,"Kathleen Rice",1
2890,"Stephanie Murphy",1
2891,"Victoria Escobar",1
2892,"Annie Leibowitz",1
2893,"Tommy Vietor",1
2894,"Robert Wolf",1
2895,"Paul Tewes",1
2896,Tanden,1
2897,"Carley Fiorina",1
2898,"Maccoll Hall",1
2899,"St. Vincent",1
2900,"Dante Scala",1
2901,Scala,1
2902,"Kirsten -RSB- Gillibrand",1
2903,"Andrew Baumann",1
2904,"Geoffrey S. Berman",1
2905,"Julie O'Sullivan",1
2906,"Stefan Halper",1
2907,"Thomas J. Rooney",1
2908,"Mr Stone",1
2909,"Donald Jr",1
2910,"Richard L. Hasen",1
2911,"Peter Zeidenberg",1
2912,"Raja Krishnamoorthi",1
2913,"Jane Serene Raskin",1
2914,"Martin R. Raskin",1
2915,"Aaron David Miller",1
2916,"Yitzhak Rabin",1
2917,"Yitzhak Shamir",1
2918,Shamir,1
2919,"Shimon Peres",1
2920,"Anshel Pfeffer",1
2921,Mizrachi,1
2922,"Ari Shavit",1
2923,"David Friedman",1
2924,"Otzma Yehudit",1
2925,"Batya Ungar-Sargon",1
2926,Otzma,1
2927,"Daniel Shapiro",1
2928,Westling,1
2929,"Patrick Cotter",1
2930,Cotter,1
2931,"Jeffrey Cramer",1
2932,Randolph,1
2933,"Kathryn Dunn Tenpas",1
2934,"Kenneth Adelman",1
2935,Mondale,1
2936,"Elaina Plott",1
2937,"C. Wright Mills",1
2938,Mills,1
2939,"David Frum",1
2940,"Jeffrey Edmonds",1
2941,"Ian Bremmer",1
2942,"Yuri Ushakov",1
2943,Ushakov,1
2944,"Andrei Kolesnikov",1
2945,"Aleksei Venediktov",1
2946,"Vladimir Zhirinovsky",1
2947,"Steve Hall",1
2948,Hall,1
2949,"Neera Tanden",1
2950,"Jan Brady",1
2951,"Wendell Anthony",1
2952,Wilson,1
2953,Elle,1
2954,Farouk,1
2955,"Tom Kean",1
2956,"George P.",1
2957,"James Aldrete",1
2958,Aldrete,1
2959,Noelle,1
2960,Molina,1
2961,"Mustafa Tameez",1
2962,"Greg Abbott",1
2963,"Robert Sylvester Kelly",1
2964,"Joann Kelly",1
2965,"Stevie Wonder",1
2966,"Lena McLin",1
2967,Spider-Man,1
2968,"Natalie Cole",1
2969,"Wayne Williams",1
2970,"Aaliyah D. Haughton",1
2971,"Whitney Houston",1
2972,"Quincy Jones",1
2973,"Toni Braxton",1
2974,"Janet Jackson",1
2975,"Andrea Lee",1
2976,Jaya,1
2977,"Robert Jr.",1
2978,"Tiffany Hawkins",1
2979,Hawkins,1
2980,"Tracy Sampson",1
2981,"Andrea Kelly",1
2982,"Carey Kelly",1
2983,"Vincent Gaughan",1
2984,Andrea,1
2985,Crain,1
2986,Pandora,1
2987,"Faith Rodgers",1
2988,"Kim Foxx",1
2989,Foxx,1
2990,"Celine Dion",1
2991,"Jennifer Farrar",1
2992,"Randy Herschaft",1
2993,"Ronna McDaniel",1
2994,McDaniel,1
2995,"John Ratcliffe",1
2996,"Liz Cheney",1
2997,"Edward-Isaac Dovere",1
2998,"Mike Gravel",1
2999,"Jason Miller",1
3000,"Steve Israel",1
3001,"Bill Peduto",1
3002,Peduto,1
3003,"Peter Nicholas",1
3004,"Valerie Hoskins",1
3005,"Niall Leonard",1
3006,"Anastasia Steele",1
3007,"Erika Mitchell",1
3008,"Anne Messitte",1
3009,Messitte,1
3010,Hoskins,1
3011,"Anne Jamison",1
3012,Lovehoney,1
3013,"Charlotte Bush",1
3014,"J.K. Rowling",1
3015,"Robert F. Bauer",1
3016,"Mahmoud Abbas",1
3017,"Roy S. Moore",1
3018,Abbas,1
3019,"Daniel Ortega",1
3020,"Danielle Mitterrand",1
3021,Mitterrand,1
3022,Pinochet,1
3023,"Jim Rader",1
3024,Rader,1
3025,"Paul Lafayette",1
3026,Lafayette,1
3027,"Puerto Cabezas",1
3028,"George Crile",1
3029,"Otto J. Reich",1
3030,"John F. Kerry",1
3031,"Richard E. Feinberg",1
3032,Feinberg,1
3033,"Peter Camejo",1
3034,"Ralph Nader",1
3035,Camejo,1
3036,"Alexander Ryabkov",1
3037,"Jane Driscoll",1
3038,"Rick Whitaker",1
3039,"Kitty Bennett",1
3040,"Isabella Grullon Paz",1
3041,"Jimmy Stumpff",1
3042,"Anne Spencer",1
3043,"Anthony Bourdain",1
3044,Rodney,1
3045,"Laurene Powell Jobs",1
3046,Reefergate,1
3047,"Jon Favreau",1
3048,"Aretha Franklin",1
3049,"Maya Angelou",1
3050,"Nina Simone",1
3051,"Shirley Chisholm",1
3052,"Mary Lewis",1
3053,"Kasowitz Benson Torres",1
3054,"Steve Cooley",1
3055,"Mario Woods",1
3056,"Tanya Faison",1
3057,Faison,1
3058,"Jamie Dimon",1
3059,"Debbie Mesloh",1
3060,"Tony West",1
3061,"Barack Hussein Obama",1
3062,"Lily Adams",1
3063,"Ann Richards",1
3064,Naida,1
3065,"Naida Rutherford",1
3066,"Gladys Carter",1
3067,Raqqa,1
3068,"Jussie Smollett",1
3069,"Will Milwaukee",1
3070,"ANDERSON COOPER",1
3071,"Barry Zalma",1
3072,Barry,1
3073,"Andrea Kendall-Taylor",1
3074,"Chelsea Manning",1
3075,"Bradley Manning",1
3076,"Sarah Harrison",1
3077,Kendall-Taylor,1
3078,"Joshua Geltzer",1
3079,Geltzer,1
3080,"Michael R. Caputo",1
3081,"David A. Merkel",1
3082,"Philip M. Griffin",1
3083,"Sam Patten",1
3084,"Rinat L. Akhmetov",1
3085,Konstantin,1
3086,"Taras V. Chernovyl",1
3087,"Aleksei Kovzhun",1
3088,Kovzhun,1
3089,"Oleksandr V. Klymenko",1
3090,"Serhiy Lyovochkin",1
3091,"Nick Fandos",1
3092,"Bakari Sellers",1
3093,"Dick Harpootlian",1
3094,Edison,1
3095,"Jeffrey Prescott",1
3096,"Hassan Rouhani",1
3097,"Dalia Dassa Kaye",1
3098,"Michael J. Morrell",1
3099,Morrell,1
3100,"Mohammad Javad Zarif",1
3101,Zarif,1
3102,"Joseph Yun",1
3103,"Paul Gosar",1
3104,"Timothy Kelly",1
3105,"Russell Wheeler",1
3106,"Joan Larsen",1
3107,"A. Marvin Quattlebaum Jr.",1
3108,"Amit Mehta",1
3109,"Laurence Tribe",1
3110,Tribe,1
3111,"Neomi Rao",1
3112,"Hunter Biden",1
3113,"Noah Bookbinder",1
3114,Dora,1
3115,"Tad Devine",1
3116,"Bill Press",1
3117,"Julian Mulvey",1
3118,"Jeff Weaver",1
3119,"David Brock",1
3120,"Devine Mulvey Longabaugh",1
3121,"Jane Sanders",1
3122,"James Fallows",1
3123,"Bill Burns",1
3124,"-LSB- of Defense Jim -RSB- Mattis",1
3125,"Mark Corallo",1
3126,Corallo,1
3127,"Jed Shugerman",1
3128,Shugerman,1
3129,"Daniel Hemel",1
3130,Alice,1
3131,Hemel,1
3132,"Jeffrey Rosen",1
3133,"Harry Litman",1
3134,Litman,1
3135,"Said Trump",1
3136,"Ri Yong Ho",1
3137,"Lu Kang",1
3138,Lu,1
3139,"Elyse Goldweber",1
3140,"Joe McCarthy",1
3141,Fred,1
3142,"Barbara Res",1
3143,"John O'Donnell",1
3144,"James Rutherford",1
3145,"Yusef Salaam",1
3146,"C. Vernon Mason",1
3147,"Tadd Johnson",1
3148,"Bois Forte Band",1
3149,"Rick Hill",1
3150,"Pat Williams",1
3151,"Bradley Waterman",1
3152,"Tony Cellini",1
3153,Mohawks,1
3154,"Herschel Walker",1
3155,"Randal Pinkett",1
3156,"Rebecca Jarvis",1
3157,Pinkett,1
3158,Letterman,1
3159,"Orly Taitz",1
3160,"Seth Meyers",1
3161,"Mike Signer",1
3162,"Will Peyton",1
3163,"DeAndre Harris",1
3164,"James Alex Fields Jr.",1
3165,"Lisa Woolfork",1
3166,"Alex Fields",1
3167,"Carolyn Maloney",1
3168,"Debbie Wasserman-Schultz",1
3169,Lynne,1
3170,"Jim Cooper",1
3171,"Jose E. Serrano",1
3172,"Nita M. Lowey",1
3173,Serrano,1
3174,"Tom Graves",1
3175,Graves,1
3176,"Whitewater-Monica Lewinsky",1
3177,"Matt Cartwright",1
3178,"Michael E. Horowitz",1
3179,Horowitz,1
3180,"Herman Cain",1
3181,"Stephen Moore",1
3182,"Jimmy Gomez",1
3183,"Abbe Lowell",1
3184,"Philip Bump",1
3185,"McKay Coppins",1
3186,Hemmer,1
3187,"Nicholas Burns",1
3188,"Sergei Lavrov",1
3189,"Brian Schweitzer",1
3190,"Marlon Brando",1
3191,"Katie Hill",1
3192,CARREY,1
3193,Rosy,1
3194,"Paul Bunyan",1
3195,"Crazy Bernie",1
3196,"Drew Pinsky",1
3197,"Nuff Said",1
3198,"Dr. Drew",1
3199,"Charlie Brown",1
3200,"KATHERINE TIMPF",1
3201,Amy,1
3202,"Alfred E. Neuman",1
3203,"Father Time",1
3204,"Amanda Eller",1
3205,"PHILIP RUCKER",1
3206,"Anthony Wiener",1
3207,"Michael Illuminati",1
3208,"Nicole Wallace",1
3209,"Stephen A. Smith",1
3210,"Brie Larson",1
3211,"Lori Loughlin",1
3212,KIRK,1
3213,Naruhito,1
3214,"Jamaal Khashoggi",1
3215,Assad,1
3216,"Tamara Hyland",1
3217,Tamara,1
3218,"Chelsey Manning",1
3219,Day,1
3220,"Paul Begala",1
3221,"Claire Celsi",1
3222,Celsi,1
3223,"Linda Wormley",1
3224,"Marjie Foster",1
3225,"Sean Bagniewski",1
3226,Bagniewski,1
3227,Vilsack,1
3228,"Bryce Smith",1
3229,"Terry Kocher",1
3230,Fritz,1
3231,"Carol Kramer",1
3232,Kramer,1
3233,"Rick Dearborn",1
3234,Sharon,1
3235,"Mark Mazzetti",1
3236,"Eric Holder",1
3237,"Andy Mills",1
3238,"Lynsea Garrison",1
3239,"Annie Brown",1
3240,"Clare Toeniskoetter",1
3241,"Michael Simon Johnson",1
3242,"Brad Fisher",1
3243,"Wendy Dorr",1
3244,"Chris Wood",1
3245,"Alexandra Leigh Young",1
3246,"Jonathan Wolfe",1
3247,"Lisa Chow",1
3248,"Jim Brunberg",1
3249,"Ben Landsverk",1
3250,"Sam Dolnick",1
3251,"Mikayla Bouchard",1
3252,"Stella Tan",1
3253,"Julia Simon",1
3254,"Samantha Henig",1
3255,"John Gans",1
3256,Gans,1
3257,"Sheldon G. Adelson",1
3258,"Fred Fleitz",1
3259,"Brent Scowcroft",1
3260,Shanahan,1
3261,"Adizah Eghan",1
3262,Schmidt,1
3263,Colbert,1
3264,"Steny H. Hoyer",1
3265,"Swampman Joe Biden",1
3266,Trumper,1
3267,"Bill O'Reilly",1
3268,"Gerard Araud",1
3269,"Heather Conley",1
3270,Araud,1
3271,William,1
3272,Catherine,1
3273,"Woody Johnson",1
3274,"John Simpson",1
3275,"Kayla Becwar",1
3276,"Tony Holdcroft",1
3277,Jennifer,1
3278,Holdcroft,1
3279,"David Southard",1
3280,Southard,1
3281,"John Bercow",1
3282,"Nelson Mandela",1
3283,"Rebecca English",1
3284,"Stewart Parvin",1
3285,"Rachel Trevor-Morgan",1
3286,"Herve Pierre",1
3287,"Stephanie Grisham",1
3288,Farage,1
3289,Boris,1
3290,"Mark Landler",1
3291,"Benjamin Mueller",1
3292,"Megan Specia",1
3293,"Iliana Magra",1
3294,"Alan Yuhas",1
3295,"Palko Karasz",1
3296,"Rick Gladstone",1
3297,"Peter Max Finkelstein",1
3298,"Andy Warhol",1
3299,"Roy Lichtenstein",1
3300,"Lee Iacocca",1
3301,"Dale Earnhardt",1
3302,"Elizabeth Nance",1
3303,"Adam Cosmo",1
3304,"Libra Astro",1
3305,"Rosie Vela",1
3306,"Tina Louise",1
3307,Gilligan,1
3308,"Mary Balkin",1
3309,"Mia Farrow",1
3310,"Albert Scaglione",1
3311,"Peter Max-themed",1
3312,"Ringo Starr",1
3313,"Herbie Hancock",1
3314,"Leo Bevilacqua",1
3315,"Salvador Dali",1
3316,Bevilacqua,1
3317,"Lawrence Moskowitz",1
3318,"Robert M. Frank",1
3319,"Gene Luntz",1
3320,"Michael C. Barrows",1
3321,"Max `` Bozo",1
3322,"Mary Max",1
3323,"John Markham",1
3324,"Gregory A. Clarick",1
3325,"Marilyn Monroe",1
3326,"Luke Nikas",1
3327,"Robert Wittman",1
3328,"Willem de Kooning",1
3329,Warhol,1
3330,"Jeff Koons",1
3331,"Damien Hirst",1
3332,"Paul J. Schwiep",1
3333,"Robert Peston",1
3334,"Michael Gove",1
3335,"Amy Hunter",1
3336,"Stop Trump",1
3337,"Ruby Lawson",1
3338,"Stef Blok",1
3339,"James Doolittle",1
3340,Doolittle,1
3341,"Winston Churchill",1
3342,"Emily Andrews",1
3343,"Henry A. Kissinger",1
3344,"Mike Lux",1
3345,"Richard A. Gephardt",1
3346,"Joe Trippi",1
3347,Gephardt,1
3348,"Richard Ben Cramer",1
3349,"Tom Shales",1
3350,"David Wilhelm",1
3351,"Neil Kinnock",1
3352,"Bill Schneider",1
3353,Wilhelm,1
3354,Dukakis,1
3355,Cramer,1
3356,"Larry Hogan",1
3357,"Meghan Markle",1
3358,"Prince Harry",1
3359,"Bette Midler",1
3360,"Dave Tencza",1
3361,"Lon Johnson",1
3362,"Valerie McIntosh",1
3363,"Carol Sickman-Garner",1
3364,"Michelle Goldberg",1
3365,"Rebecca Solnit",1
3366,"Charles J. Cooper",1
3367,"Ketan Jhaveri",1
3368,"Paul T. Cappuccio",1
3369,"Jack Goldsmith",1
3370,Goldsmith,1
3371,"Mazie K. Hirono",1
3372,"Jonathan Turley",1
3373,"Malcolm R. Wilkey",1
3374,Wilkey,1
3375,Turley,1
3376,"Nancy Baker",1
3377,"Dick Thornburgh",1
3378,"Lawrence E. Walsh",1
3379,Weinberger,1
3380,Jhaveri,1
3381,"Meg McGaughey",1
3382,"Abbe D. Lowell",1
3383,McGaughey,1
3384,"J. Michael Luttig",1
3385,"Kayla Mueller",1
3386,"James E. Clyburn",1
3387,"Stephen Benjamin",1
3388,"James O. Eastland",1
3389,"Adrianne Shropshire",1
3390,Shropshire,1
3391,"Herman E. Talmadge",1
3392,"Joe Biden Hillary Clinton",1
3393,Hilary,1
3394,"Steven Rattner",1
3395,"Hamilton E. James",1
3396,"James Chanos",1
3397,"Marc Lasry",1
3398,"Blair W. Effron",1
3399,"Ray McGuire",1
3400,"Brad Karp",1
3401,Karp,1
3402,"Julianna Smoot",1
3403,"Kathryn Wylde",1
3404,Smoot,1
3405,Rattner,1
3406,"Mitch Draizin",1
3407,"Phil Murphy",1
3408,"Donald Sussman",1
3409,Sussman,1
3410,"Carolyn Tisch Blodgett",1
3411,"Jill Straus",1
3412,"Mark Gallogly",1
3413,"David Adelman",1
3414,"Anna Wintour",1
3415,"Bruce Mann",1
3416,Amelia,1
3417,Alexander,1
3418,"Coretta Scott King",1
3419,"Andy Puzder",1
3420,"Michael Kazin",1
3421,Tommy,1
3422,Prada,1
3423,"Jay Westbrook",1
3424,"Teresa Sullivan",1
3425,"Harry Kreisler",1
3426,Westbrook,1
3427,"Mike Synar",1
3428,Kreisler,1
3429,Synar,1
3430,"Matthew Yglesias",1
3431,"Jessica Pishko",1
3432,Pishko,1
3433,Phil,1
3434,"Timothy Geithner",1
3435,Geithner,1
3436,"Jon Stewart",1
3437,"Willie Simmons",1
3438,Coates,1
3439,"Ashley Nicole Black",1
3440,"Chris Hayes",1
3441,"Lola Sewell",1
3442,"Silvio Berlusconi",1
3443,Berlusconi,1
3444,"Eric Edelman",1
3445,"Mark T. Esper",1
3446,"Wendy R. Sherman",1
3447,"Susan Pompeo",1
3448,"Douglas Macgregor",1
3449,Sherman,1
3450,"James Eastland",1
3451,"Henry Talmadge",1
3452,"John Stennis",1
3453,"Howell Heflin",1
3454,"Jim Crow South",1
3455,"Orval -RSB- Faubus",1
3456,"George -RSB- Wallace",1
3457,"Bull Connor",1
3458,"James Power Smith",1
3459,"Jim Eastland",1
3460,"Hermy Talmadge",1
3461,"Stonewall Biden",1
3462,"Jamelle Bouie",1
